Date,Day of Week,Lecture_No,Start_Time,End_Time,Subject,Faculty_ID,Semester,Branch,Section,Classroom,Total Enrolled Students,Students Present,Attendence Percentage,Previous Lecture Attendence,Gap Since Previous Lecture,Practical/ Theory,Internal Test Week,Assignment Due,Holiday Before/ After,Special Event,Weather,Faculty Experience,Start Time Minutes,End Time Minutes,Day of Semester,Week Number,Days Since Last Holiday,Consecutive Lecture Count (Day),Previous Lecture Attendance,Rolling Avg Attendance (Prev 3),Historical Avg Attendance,Monthly Avg Attendance,Macro Historical Avg Attendance,Lunch Time Slot,Week Before Exam
2026-06-15,Monday,1,09.15 AM,10.15 AM,Soft Skill,SD,3,MCA,A,Seminar Hall,103,46,44.66,,0.0,Theory,No,No,Yes,No,Rainy,8,555,615,1,1,,1,,,,,,Before Lunch,0
2026-06-15,Monday,1,09.15 AM,10.15 AM,Soft Skill,SD,3,MCA,B,Seminar Hall,102,50,49.02,,0.0,Theory,No,No,Yes,No,Rainy,8,555,615,1,1,,1,,,,,44.66,Before Lunch,0
2026-06-15,Monday,2,10.15 AM,11.15 AM,Soft Skill,SD,3,MCA,A,Seminar Hall,103,43,41.75,44.66,0.0,Theory,No,No,Yes,No,Rainy,8,615,675,1,1,0.0,2,44.66,44.66,44.66,44.66,46.84,Before Lunch,0
2026-06-15,Monday,2,10.15 AM,11.15 AM,Soft Skill,SD,3,MCA,B,Seminar Hall,102,47,46.08,49.02,0.0,Theory,No,No,Yes,No,Rainy,8,615,675,1,1,0.0,2,49.02,49.02,49.02,49.02,45.14333333333334,Before Lunch,0
2026-06-15,Monday,3,11.15 AM,12.15 PM,Lab Session,,3,MCA,A,Computer Lab,103,80,77.67,,0.0,Practical,No,No,Yes,No,Rainy,0,675,735,1,1,0.0,3,,,,,45.3775,Before Lunch,0
2026-06-15,Monday,3,11.15 AM,12.15 PM,Lab Session,,3,MCA,B,Computer Lab,102,83,81.37,,0.0,Practical,No,No,Yes,No,Rainy,0,675,735,1,1,0.0,3,,,,,51.836,Before Lunch,0
2026-06-15,Monday,4,01.30 PM,02.30 PM,Guest Session on Generative AI Development,GUEST_EXT,3,MCA,A,Seminar Hall,103,75,72.82,,1.25,Theory,No,No,Yes,No,Rainy,15,810,870,1,1,0.0,4,,,,,56.75833333333333,After Lunch,0
2026-06-15,Monday,4,01.30 PM,02.30 PM,Guest Session on Generative AI Development,GUEST_EXT,3,MCA,B,Seminar Hall,102,79,77.45,,1.25,Theory,No,No,Yes,No,Rainy,15,810,870,1,1,0.0,4,,,,,59.05285714285714,After Lunch,0
2026-06-15,Monday,5,02.30 PM,03.30 PM,Guest Session on Generative AI Development,GUEST_EXT,3,MCA,A,Seminar Hall,103,75,72.82,72.82,0.0,Theory,No,No,Yes,No,Rainy,15,870,930,1,1,0.0,5,72.82,72.82,72.82,72.82,61.3525,After Lunch,0
2026-06-15,Monday,5,02.30 PM,03.30 PM,Guest Session on Generative AI Development,GUEST_EXT,3,MCA,B,Seminar Hall,102,79,77.45,77.45,0.0,Theory,No,No,Yes,No,Rainy,15,870,930,1,1,0.0,5,77.45,77.45,77.45,77.45,62.626666666666665,After Lunch,0
2026-06-16,Tuesday,1,09.15 AM,10.15 AM,Soft Skill,SD,3,MCA,A,Seminar Hall,103,44,42.72,41.75,0.0,Theory,No,No,No,No,Cloudy,8,555,615,2,1,1.0,1,41.75,43.205,43.205,43.205,64.10900000000001,Before Lunch,0
2026-06-16,Tuesday,1,09.15 AM,10.15 AM,Soft Skill,SD,3,MCA,B,Seminar Hall,102,49,48.04,46.08,0.0,Theory,No,No,No,No,Cloudy,8,555,615,2,1,1.0,1,46.08,47.55,47.55,47.55,62.16454545454545,Before Lunch,0
2026-06-16,Tuesday,2,10.15 AM,11.15 AM,Soft Skill,SD,3,MCA,A,Seminar Hall,103,46,44.66,42.72,0.0,Theory,No,No,No,No,Cloudy,8,615,675,2,1,1.0,2,42.72,43.04333333333333,43.04333333333333,43.04333333333333,60.987500000000004,Before Lunch,0
2026-06-16,Tuesday,2,10.15 AM,11.15 AM,Soft Skill,SD,3,MCA,B,Seminar Hall,102,42,41.18,48.04,0.0,Theory,No,No,No,No,Cloudy,8,615,675,2,1,1.0,2,48.04,47.71333333333333,47.71333333333333,47.71333333333333,59.73153846153846,Before Lunch,0
2026-06-16,Tuesday,3,11.15 AM,12.15 PM,Lab Session,,3,MCA,A,Computer Lab,103,82,79.61,77.67,0.0,Practical,No,No,No,No,Cloudy,0,675,735,2,1,1.0,3,77.67,77.67,77.67,77.67,58.40642857142858,Before Lunch,0
2026-06-16,Tuesday,3,11.15 AM,12.15 PM,Lab Session,,3,MCA,B,Computer Lab,102,86,84.31,81.37,0.0,Practical,No,No,No,No,Cloudy,0,675,735,2,1,1.0,3,81.37,81.37,81.37,81.37,59.82,Before Lunch,0
2026-06-16,Tuesday,4,01.30 PM,02.30 PM,CI/CD Session,,3,MCA,A,Computer Lab,103,80,77.67,,1.25,Practical,No,No,No,No,Cloudy,0,810,870,2,1,1.0,4,,,,,61.350625,After Lunch,0
2026-06-16,Tuesday,4,01.30 PM,02.30 PM,CI/CD Session,,3,MCA,B,Computer Lab,102,82,80.39,,1.25,Practical,No,No,No,No,Cloudy,0,810,870,2,1,1.0,4,,,,,62.31058823529412,After Lunch,0
2026-06-16,Tuesday,5,02.30 PM,03.30 PM,CI/CD Session,,3,MCA,A,Computer Lab,103,80,77.67,77.67,0.0,Practical,No,No,No,No,Cloudy,0,870,930,2,1,1.0,5,77.67,77.67,77.67,77.67,63.315000000000005,After Lunch,0
2026-06-16,Tuesday,5,02.30 PM,03.30 PM,CI/CD Session,,3,MCA,B,Computer Lab,102,82,80.39,80.39,0.0,Practical,No,No,No,No,Cloudy,0,870,930,2,1,1.0,5,80.39,80.39,80.39,80.39,64.07052631578946,After Lunch,0
2026-06-17,Wednesday,1,09.15 AM,10.15 AM,Soft Skill,SD,3,MCA,A,Seminar Hall,103,46,44.66,44.66,0.0,Theory,Yes,No,No,No,Sunny,8,555,615,3,1,2.0,1,44.66,43.04333333333333,43.4475,43.4475,64.8865,Before Lunch,1
2026-06-17,Wednesday,1,09.15 AM,10.15 PM,Soft Skill,SD,3,MCA,B,Seminar Hall,102,50,49.02,41.18,0.0,Theory,Yes,No,No,No,Sunny,8,555,1335,3,1,2.0,1,41.18,45.099999999999994,46.08,46.08,63.92333333333334,Before Lunch,1
2026-06-17,Wednesday,2,10.15 AM,11.15 AM,Soft Skill,SD,3,MCA,A,Seminar Hall,103,50,48.54,44.66,0.0,Theory,Yes,No,No,No,Sunny,8,615,675,3,1,2.0,2,44.66,44.01333333333333,43.69,43.69,63.245909090909095,Before Lunch,1
2026-06-17,Wednesday,2,10.15 AM,11.15 PM,Soft Skill,SD,3,MCA,B,Seminar Hall,102,32,31.37,49.02,0.0,Theory,Yes,No,No,No,Sunny,8,615,1395,3,1,2.0,2,49.02,46.080000000000005,46.668,46.668,62.606521739130436,Before Lunch,1
2026-06-17,Wednesday,3,11.15 AM,12.15 PM,Lab Session,,3,MCA,A,Computer Lab,103,83,80.58,79.61,0.0,Practical,Yes,No,No,No,Sunny,0,675,735,3,1,2.0,3,79.61,78.64,78.64,78.64,61.305,Before Lunch,1
2026-06-17,Wednesday,3,11.15 AM,12.15 PM,Lab Session,,3,MCA,B,Computer Lab,102,80,78.43,84.31,0.0,Practical,Yes,No,No,No,Sunny,0,675,735,3,1,2.0,3,84.31,82.84,82.84,82.84,62.076,Before Lunch,1
2026-06-17,Wednesday,4,01.30 PM,02.30 PM,CI/CD Session,,3,MCA,A,Computer Lab,103,79,76.7,77.67,1.25,Practical,Yes,No,No,No,Sunny,0,810,870,3,1,2.0,4,77.67,77.67,77.67,77.67,62.705,After Lunch,1
2026-06-17,Wednesday,4,01.30 PM,02.30 PM,CI/CD Session,,3,MCA,B,Computer Lab,102,77,75.49,80.39,1.25,Practical,Yes,No,No,No,Sunny,0,810,870,3,1,2.0,4,80.39,80.39,80.39,80.39,63.22333333333333,After Lunch,1
2026-06-17,Wednesday,5,02.30 PM,03.30 PM,CI/CD Session,,3,MCA,A,Computer Lab,103,79,76.7,76.7,0.0,Practical,Yes,No,No,No,Sunny,0,870,930,3,1,2.0,5,76.7,77.34666666666668,77.34666666666668,77.34666666666668,63.66142857142857,After Lunch,1
2026-06-17,Wednesday,5,02.30 PM,03.30 PM,CI/CD Session,,3,MCA,B,Computer Lab,102,77,75.49,75.49,0.0,Practical,Yes,No,No,No,Sunny,0,870,930,3,1,2.0,5,75.49,78.75666666666666,78.75666666666666,78.75666666666666,64.11103448275863,After Lunch,1
2026-06-18,Thursday,1,09.15 AM,10.15 AM,Soft Skill,SD,3,MCA,A,Seminar Hall,103,31,30.1,48.54,0.0,Theory,Yes,No,No,No,Rainy,8,555,615,4,1,3.0,1,48.54,45.953333333333326,44.498333333333335,44.498333333333335,64.49033333333334,Before Lunch,1
2026-06-18,Thursday,1,09.15 AM,10.15 AM,Soft Skill,SD,3,MCA,B,Seminar Hall,102,33,32.35,31.37,0.0,Theory,Yes,No,No,No,Rainy,8,555,615,4,1,3.0,1,31.37,40.52333333333333,44.11833333333333,44.11833333333333,63.380967741935486,Before Lunch,1
2026-06-18,Thursday,2,10.15 AM,11.15 AM,Soft Skill,SD,3,MCA,A,Seminar Hall,103,30,29.13,30.1,0.0,Theory,Yes,No,No,No,Rainy,8,615,675,4,1,3.0,2,30.1,41.1,42.44142857142857,42.44142857142857,62.41125,Before Lunch,1
2026-06-18,Thursday,2,10.15 AM,11.15 AM,Soft Skill,SD,3,MCA,B,Seminar Hall,102,32,31.37,32.35,0.0,Theory,Yes,No,No,No,Rainy,8,615,675,4,1,3.0,2,32.35,37.580000000000005,42.43714285714286,42.43714285714286,61.40272727272727,Before Lunch,1
2026-06-18,Thursday,3,01.30 PM,02.30 PM,CI/CD Session,,3,MCA,A,Computer Lab,103,85,82.52,76.7,2.25,Practical,Yes,No,No,No,Rainy,0,810,870,4,1,3.0,3,76.7,77.02333333333333,77.185,77.185,60.51941176470588,After Lunch,1
2026-06-18,Thursday,3,01.30 PM,02.30 PM,CI/CD Session,,3,MCA,B,Computer Lab,102,90,88.24,75.49,2.25,Practical,Yes,No,No,No,Rainy,0,810,870,4,1,3.0,3,75.49,77.12333333333333,77.94,77.94,61.147999999999996,After Lunch,1
2026-06-19,Friday,1,09.15 AM,10.15 AM,Soft Skill,SD,3,MCA,A,Seminar Hall,103,29,28.16,29.13,0.0,Theory,Yes,No,No,No,Cloudy,8,555,615,5,1,4.0,1,29.13,35.92333333333333,40.777499999999996,40.777499999999996,61.900555555555556,Before Lunch,1
2026-06-19,Friday,1,09.15 AM,10.15 AM,Soft Skill,SD,3,MCA,B,Seminar Hall,102,33,32.35,31.37,0.0,Theory,Yes,No,No,No,Cloudy,8,555,615,5,1,4.0,1,31.37,31.69666666666667,41.05375,41.05375,60.98864864864865,Before Lunch,1
2026-06-19,Friday,2,10.15 AM,11.15 AM,Soft Skill,SD,3,MCA,A,Seminar Hall,103,31,30.1,28.16,0.0,Theory,Yes,No,No,No,Cloudy,8,615,675,5,1,4.0,2,28.16,29.13,39.37555555555556,39.37555555555556,60.23499999999999,Before Lunch,1
2026-06-19,Friday,2,10.15 AM,11.15 AM,Soft Skill,SD,3,MCA,B,Seminar Hall,102,33,32.35,32.35,0.0,Theory,Yes,No,No,No,Cloudy,8,615,675,5,1,4.0,2,32.35,32.02333333333333,40.086666666666666,40.086666666666666,59.4623076923077,Before Lunch,1
2026-06-20,Saturday,1,01.00 PM,04.00 PM,Soft Skill Evaluation,SD,3,MCA,A,Seminar Hall,103,29,28.16,,0.0,Practical,Yes,No,Yes,No,Sunny,8,780,960,6,1,5.0,1,,,,,58.7845,After Lunch,1
2026-06-20,Saturday,1,01.00 PM,04.00 PM,Soft Skill Evaluation,SD,3,MCA,B,Seminar Hall,102,31,30.39,,0.0,Practical,Yes,No,Yes,No,Sunny,8,780,960,6,1,5.0,1,,,,,58.03756097560976,After Lunch,1
2026-06-22,Monday,1,08.30 AM,09.15 AM,Mobile Application Development,OL,3,MCA,A,Computer Lab,103,99,96.12,,0.0,Theory,Yes,No,Yes,No,Cloudy,12,510,555,8,2,2.0,1,,,,,57.37928571428571,Before Lunch,1
2026-06-22,Monday,1,08.30 AM,09.15 AM,Mobile Application Development,OL,3,MCA,B,Computer Lab,102,94,92.16,,0.0,Theory,Yes,No,Yes,No,Cloudy,12,510,555,8,2,2.0,1,,,,,58.28023255813954,Before Lunch,1
2026-06-22,Monday,2,09.15 AM,10.15 AM,Mobile Application Development,OL,3,MCA,A,Computer Lab,103,99,96.12,96.12,0.0,Theory,Yes,No,Yes,No,Cloudy,12,555,615,8,2,0.0,2,96.12,96.12,96.12,96.12,59.05022727272728,Before Lunch,1
2026-06-22,Monday,2,09.15 AM,10.15 AM,Mobile Application Development,OL,3,MCA,B,Computer Lab,102,94,92.16,92.16,0.0,Theory,Yes,No,Yes,No,Cloudy,12,555,615,8,2,0.0,2,92.16,92.16,92.16,92.16,59.873999999999995,Before Lunch,1
2026-06-22,Monday,3,10.15 AM,11.15 AM,Innovation & Entrepreneurship Development,JSP,3,MCA,A,Computer Lab,103,94,91.26,,0.0,Theory,Yes,No,Yes,No,Cloudy,14,615,675,8,2,0.0,3,,,,,60.57586956521739,Before Lunch,1
2026-06-22,Monday,3,10.15 AM,11.15 AM,Innovation & Entrepreneurship Development,JSP,3,MCA,B,Computer Lab,102,90,88.24,,0.0,Theory,Yes,No,Yes,No,Cloudy,14,615,675,8,2,0.0,3,,,,,61.22872340425532,Before Lunch,1
2026-06-22,Monday,4,11.15 AM,12.15 PM,Innovation & Entrepreneurship Development,JSP,3,MCA,A,Computer Lab,103,94,91.26,91.26,0.0,Theory,Yes,No,Yes,No,Cloudy,14,675,735,8,2,0.0,4,91.26,91.26,91.26,91.26,61.79145833333333,Before Lunch,1
2026-06-22,Monday,4,11.15 AM,12.15 PM,Innovation & Entrepreneurship Development,JSP,3,MCA,B,Computer Lab,102,90,88.24,88.24,0.0,Theory,Yes,No,Yes,No,Cloudy,14,675,735,8,2,0.0,4,88.24,88.24,88.24,88.24,62.392857142857146,Before Lunch,1
2026-06-22,Monday,5,01.30 PM,02.30 PM,STQA Practical,"DPY, AAB",3,MCA,A,Computer Lab,103,97,94.17,,1.25,Practical,Yes,No,Yes,No,Cloudy,11,810,870,8,2,0.0,5,,,,,62.9098,After Lunch,1
2026-06-22,Monday,5,01.30 PM,02.30 PM,STQA Practical,"DPY, AAB",3,MCA,B,Computer Lab,102,88,86.27,,1.25,Practical,Yes,No,Yes,No,Cloudy,11,810,870,8,2,0.0,5,,,,,63.522745098039216,After Lunch,1
2026-06-22,Monday,6,02.30 PM,03.30 PM,STQA Practical,"DPY, AAB",3,MCA,A,Computer Lab,103,97,94.17,94.17,0.0,Practical,Yes,No,Yes,No,Cloudy,11,870,930,8,2,0.0,6,94.17,94.17,94.17,94.17,63.9601923076923,After Lunch,1
2026-06-22,Monday,6,02.30 PM,03.30 PM,STQA Practical,"DPY, AAB",3,MCA,B,Computer Lab,102,88,86.27,86.27,0.0,Practical,Yes,No,Yes,No,Cloudy,11,870,930,8,2,0.0,6,86.27,86.27,86.27,86.27,64.53018867924528,After Lunch,1
2026-06-23,Tuesday,1,08.30 AM,09.15 AM,Mobile Application Development,OL,3,MCA,A,Computer Lab,103,100,97.09,96.12,0.0,Theory,Yes,No,No,No,Sunny,12,510,555,9,2,1.0,1,96.12,96.12,96.12,96.12,64.93277777777777,Before Lunch,1
2026-06-23,Tuesday,1,08.30 AM,09.15 AM,Mobile Application Development,OL,3,MCA,B,Computer Lab,102,99,97.06,92.16,0.0,Theory,Yes,No,No,No,Sunny,12,510,555,9,2,1.0,1,92.16,92.16,92.16,92.16,65.51745454545454,Before Lunch,1
2026-06-23,Tuesday,2,09.15 AM,10.15 AM,Mobile Application Development,OL,3,MCA,A,Computer Lab,103,100,97.09,97.09,0.0,Theory,Yes,No,No,No,Sunny,12,555,615,9,2,1.0,2,97.09,96.44333333333334,96.44333333333334,96.44333333333334,66.08071428571428,Before Lunch,1
2026-06-23,Tuesday,2,09.15 AM,10.15 AM,Mobile Application Development,OL,3,MCA,B,Computer Lab,102,99,97.06,97.06,0.0,Theory,Yes,No,No,No,Sunny,12,555,615,9,2,1.0,2,97.06,93.79333333333334,93.79333333333334,93.79333333333334,66.62473684210526,Before Lunch,1
2026-06-23,Tuesday,3,10.15 AM,11.15 AM,Principles of Cloud Management & Security,SDM,3,MCA,A,Computer Lab,103,100,97.09,,0.0,Theory,Yes,No,No,No,Sunny,7,615,675,9,2,1.0,3,,,,,67.14948275862069,Before Lunch,1
2026-06-23,Tuesday,3,10.15 AM,11.15 AM,Principles of Cloud Management & Security,SDM,3,MCA,B,Computer Lab,102,98,96.08,,0.0,Theory,Yes,No,No,No,Sunny,7,615,675,9,2,1.0,3,,,,,67.65694915254238,Before Lunch,1
2026-06-23,Tuesday,4,11.15 AM,12.15 PM,Data Science & Machine Learning,MLK,3,MCA,A,Computer Lab,103,100,97.09,,0.0,Theory,Yes,No,No,No,Sunny,9,675,735,9,2,1.0,4,,,,,68.13066666666667,Before Lunch,1
2026-06-23,Tuesday,4,11.15 AM,12.15 PM,Data Science & Machine Learning,MLK,3,MCA,B,Computer Lab,102,98,96.08,,0.0,Theory,Yes,No,No,No,Sunny,9,675,735,9,2,1.0,4,,,,,68.60540983606558,Before Lunch,1
2026-06-23,Tuesday,5,01.30 PM,02.30 PM,DS & ML Practical,"MLK, SP",3,MCA,A,Computer Lab,103,96,93.2,,1.25,Practical,Yes,No,No,No,Sunny,10,810,870,9,2,1.0,5,,,,,69.04854838709677,After Lunch,1
2026-06-23,Tuesday,5,01.30 PM,02.30 PM,DS & ML Practical,"MLK, SP",3,MCA,B,Computer Lab,102,94,92.16,,1.25,Practical,Yes,No,No,No,Sunny,10,810,870,9,2,1.0,5,,,,,69.43190476190476,After Lunch,1
2026-06-23,Tuesday,6,02.30 PM,03.30 PM,DS & ML Practical,"MKL, SP",3,MCA,A,Computer Lab,103,96,93.2,93.2,0.0,Practical,Yes,No,No,No,Sunny,10,870,930,9,2,1.0,6,93.2,93.2,93.2,93.2,69.78703125,After Lunch,1
2026-06-23,Tuesday,6,02.30 PM,03.30 PM,DS & ML Practical,"MLK, SP",3,MCA,B,Computer Lab,102,94,92.16,92.16,0.0,Practical,Yes,No,No,No,Sunny,10,870,930,9,2,1.0,6,92.16,92.16,92.16,92.16,70.14723076923076,After Lunch,1
2026-06-24,Wednesday,1,08.30 AM,9.15 AM,Mobile Application Development,OL,3,MCA,A,Computer Lab,103,100,97.09,97.09,0.0,Theory,No,No,No,No,Rainy,12,510,555,10,2,2.0,1,97.09,96.76666666666667,96.605,96.605,70.48075757575756,Before Lunch,0
2026-06-24,Wednesday,1,08.30 AM,09.15 AM,Mobile Application Development,OL,3,MCA,B,Computer Lab,102,101,99.02,97.06,0.0,Theory,No,No,No,No,Rainy,12,510,555,10,2,2.0,1,97.06,95.42666666666666,94.61,94.61,70.8779104477612,Before Lunch,0
2026-06-24,Wednesday,2,09.15 AM,10.15 AM,Mobile Application Development,OL,3,MCA,A,Computer Lab,103,100,97.09,97.09,0.0,Theory,No,No,No,No,Rainy,12,555,615,10,2,2.0,2,97.09,97.09,96.702,96.702,71.29176470588236,Before Lunch,0
2026-06-24,Wednesday,2,09.15 AM,10.15 AM,Mobile Application Development,OL,3,MCA,B,Computer Lab,102,101,99.02,99.02,0.0,Theory,No,No,No,No,Rainy,12,555,615,10,2,2.0,2,99.02,97.71333333333332,95.49199999999999,95.49199999999999,71.66565217391305,Before Lunch,0
2026-06-24,Wednesday,3,10.15 AM,11.15 AM,Software Testing & Quality Assurance,DPY,3,MCA,A,Computer Lab,103,99,96.12,,0.0,Theory,No,No,No,No,Rainy,10,615,675,10,2,2.0,3,,,,,72.05642857142857,Before Lunch,0
2026-06-24,Wednesday,3,10.15 AM,11.15 AM,Software Testing & Quality Assurance,DPY,3,MCA,B,Computer Lab,102,97,95.1,,0.0,Theory,No,No,No,No,Rainy,10,615,675,10,2,2.0,3,,,,,72.39535211267605,Before Lunch,0
2026-06-24,Wednesday,4,11.15 AM,12.15 PM,Principles of Cloud Management & Security,SDM,3,MCA,A,Computer Lab,103,99,96.12,97.09,0.0,Theory,No,No,No,No,Rainy,7,675,735,10,2,2.0,4,97.09,97.09,97.09,97.09,72.71069444444444,Before Lunch,0
2026-06-24,Wednesday,4,11.15 AM,12.15 PM,Principles of Cloud Management & Security,SDM,3,MCA,B,Computer Lab,102,97,95.1,96.08,0.0,Theory,No,No,No,No,Rainy,7,675,735,10,2,2.0,4,96.08,96.08,96.08,96.08,73.0313698630137,Before Lunch,0
2026-06-24,Wednesday,5,01.30 PM,02.30 PM,Innovation & Entrepreneurship Development,JSP,3,MCA,A,Computer Lab,103,92,89.32,91.26,1.25,Theory,No,No,No,No,Rainy,14,810,870,10,2,2.0,5,91.26,91.26,91.26,91.26,73.3295945945946,After Lunch,0
2026-06-24,Wednesday,5,01.30 PM,02.30 PM,Innovation & Entrepreneurship Development,JSP,3,MCA,B,Computer Lab,102,85,83.33,88.24,1.25,Theory,No,No,No,No,Rainy,14,810,870,10,2,2.0,5,88.24,88.24,88.24,88.24,73.5428,After Lunch,0
2026-06-24,Wednesday,6,02.30 PM,03.30 PM,Innovation & Entrepreneurship Development,JSP,3,MCA,A,Computer Lab,103,92,89.32,89.32,0.0,Theory,No,No,No,No,Rainy,14,870,930,10,2,2.0,6,89.32,90.61333333333334,90.61333333333334,90.61333333333334,73.67157894736842,After Lunch,0
2026-06-24,Wednesday,6,02.30 PM,03.30 PM,Innovation & Entrepreneurship Development,JSP,3,MCA,B,Computer Lab,102,85,83.33,83.33,0.0,Theory,No,No,No,No,Rainy,14,870,930,10,2,2.0,6,83.33,86.60333333333334,86.60333333333334,86.60333333333334,73.87480519480519,After Lunch,0
2026-06-25,Thursday,1,08.30 AM,09.15 AM,Mobile Application Development,OL,3,MCA,A,Computer Lab,103,102,99.03,97.09,0.0,Theory,No,No,Yes,No,Cloudy,12,510,555,11,2,3.0,1,97.09,97.09,96.76666666666667,96.76666666666667,73.99602564102564,Before Lunch,0
2026-06-25,Thursday,1,08.30 AM,09.15 AM,Mobile Application Development,OL,3,MCA,B,Computer Lab,102,100,98.04,99.02,0.0,Theory,No,No,Yes,No,Cloudy,12,510,555,11,2,3.0,1,99.02,98.36666666666667,96.08,96.08,74.31291139240507,Before Lunch,0
2026-06-25,Thursday,2,09.15 AM,10.15 AM,Mobile Application Development,OL,3,MCA,A,Computer Lab,103,102,99.03,99.03,0.0,Theory,No,No,Yes,No,Cloudy,12,555,615,11,2,0.0,2,99.03,97.73666666666668,97.09,97.09,74.6095,Before Lunch,0
2026-06-25,Thursday,2,09.15 AM,10.15 AM,Mobile Application Development,OL,3,MCA,B,Computer Lab,102,100,98.04,98.04,0.0,Theory,No,No,Yes,No,Cloudy,12,555,615,11,2,0.0,2,98.04,98.69333333333333,96.36,96.36,74.91098765432099,Before Lunch,0
2026-06-25,Thursday,3,10.15 AM,11.15 AM,Data Science & Machine Learning,MLK,3,MCA,A,Computer Lab,103,100,97.09,97.09,0.0,Theory,No,No,Yes,No,Cloudy,9,615,675,11,2,0.0,3,97.09,97.09,97.09,97.09,75.1930487804878,Before Lunch,0
2026-06-25,Thursday,3,10.15 AM,11.15 AM,Data Science & Machine Learning,MLK,3,MCA,B,Computer Lab,102,100,98.04,96.08,0.0,Theory,No,No,Yes,No,Cloudy,9,615,675,11,2,0.0,3,96.08,96.08,96.08,96.08,75.45686746987951,Before Lunch,0
2026-06-25,Thursday,4,11.15 AM,12.15PM,Software Testing & Quality Assurance,DPY,3,MCA,A,Computer Lab,103,100,97.09,96.12,0.0,Theory,No,No,Yes,No,Cloudy,10,675,735,11,2,0.0,4,96.12,96.12,96.12,96.12,75.72571428571429,Before Lunch,0
2026-06-25,Thursday,4,11.15 AM,12.15 PM,Software Testing & Quality Assurance,DPY,3,MCA,B,Computer Lab,102,100,98.04,95.1,0.0,Theory,No,No,Yes,No,Cloudy,10,675,735,11,2,0.0,4,95.1,95.1,95.1,95.1,75.97705882352942,Before Lunch,0
2026-06-25,Thursday,5,01.30 PM,02.30 PM,Industry Readiness Program,VSN,3,MCA,A,Seminar Hall,103,100,97.09,,1.25,Theory,No,No,Yes,No,Cloudy,12,810,870,11,2,0.0,5,,,,,76.23360465116279,After Lunch,0
2026-06-25,Thursday,5,01.30 PM,02.30 PM,Industry Readiness Program,VSN,3,MCA,B,Seminar Hall,102,99,97.06,,1.25,Theory,No,No,Yes,No,Cloudy,12,810,870,11,2,0.0,5,,,,,76.47333333333334,After Lunch,0
2026-06-25,Thursday,6,02.30 PM,03.30 PM,Industry Readiness Program,VSN,3,MCA,A,Seminar Hall,103,100,97.09,97.09,0.0,Theory,No,No,Yes,No,Cloudy,12,870,930,11,2,0.0,6,97.09,97.09,97.09,97.09,76.70727272727272,After Lunch,0
2026-06-25,Thursday,6,02.30 PM,03.30 PM,Industry Readiness Program,VSN,3,MCA,B,Seminar Hall,102,99,97.06,97.06,0.0,Theory,No,No,Yes,No,Cloudy,12,870,930,11,2,0.0,6,97.06,97.06,97.06,97.06,76.93629213483146,After Lunch,0
2026-06-27,Saturday,1,08.30 AM,09.15 AM,MAD Practical,OL,3,MCA,A,Computer Lab,103,82,79.61,,0.0,Practical,No,No,Yes,No,Rainy,12,510,555,13,2,2.0,1,,,,,77.15988888888889,Before Lunch,0
2026-06-27,Saturday,1,08.30 AM,09.15 AM,MAD Practical,OL,3,MCA,B,Computer Lab,102,85,83.33,,0.0,Practical,No,No,Yes,No,Rainy,12,510,555,13,2,2.0,1,,,,,77.18681318681318,Before Lunch,0
2026-06-27,Saturday,2,09.15 AM,10.15 AM,MAD Practical,OL,3,MCA,A,Computer Lab,103,82,79.61,79.61,0.0,Practical,No,No,Yes,No,Rainy,12,555,615,13,2,0.0,2,79.61,79.61,79.61,79.61,77.25358695652174,Before Lunch,0
2026-06-27,Saturday,2,09.15 AM,10.15 AM,MAD Practical,OL,3,MCA,B,Computer Lab,102,85,83.33,83.33,0.0,Practical,No,No,Yes,No,Rainy,12,555,615,13,2,0.0,2,83.33,83.33,83.33,83.33,77.2789247311828,Before Lunch,0
2026-06-29,Monday,5,01.30 AM,02.30 PM,STQA Practical,"DPY, AAB",3,MCA,A,Computer Lab,103,91,88.35,94.17,1.25,Practical,No,No,Yes,No,Sunny,11,90,870,15,3,2.0,1,94.17,94.17,94.17,94.17,77.34329787234043,Before Lunch,0
2026-06-29,Monday,1,08.30 AM,09.15 AM,Mobile Application Development,OL,3,MCA,A,Computer Lab,103,96,93.2,99.03,0.0,Theory,No,No,Yes,No,Sunny,12,510,555,15,3,0.0,2,99.03,98.38333333333333,97.33250000000001,97.33250000000001,77.45915789473685,Before Lunch,0
2026-06-29,Monday,1,08.30 AM,09.15 AM,Mobile Application Development,OL,3,MCA,B,Computer Lab,102,94,92.16,98.04,0.0,Theory,No,No,Yes,No,Sunny,12,510,555,15,3,2.0,1,98.04,98.36666666666667,96.57,96.57,77.623125,Before Lunch,0
2026-06-29,Monday,2,09.15 AM,10.15 AM,Mobile Application Development,OL,3,MCA,A,Computer Lab,103,96,93.2,93.2,0.0,Theory,No,No,Yes,No,Sunny,12,555,615,15,3,0.0,3,93.2,97.08666666666666,96.87333333333333,96.87333333333333,77.77298969072166,Before Lunch,0
2026-06-29,Monday,2,09.15 AM,10.15 AM,Mobile Application Development,OL,3,MCA,B,Computer Lab,102,94,92.16,92.16,0.0,Theory,No,No,Yes,No,Sunny,12,555,615,15,3,0.0,2,92.16,96.08,96.08,96.08,77.93040816326531,Before Lunch,0
2026-06-29,Monday,3,10.15 AM,11.15 AM,Innovation & Entrepreneurship Development,JSP,3,MCA,A,Computer Lab,103,98,95.15,89.32,0.0,Theory,No,No,Yes,No,Sunny,14,615,675,15,3,0.0,4,89.32,89.96666666666665,90.28999999999999,90.28999999999999,78.07414141414142,Before Lunch,0
2026-06-29,Monday,3,10.15 AM,11.15 AM,Innovation & Entrepreneurship Development,JSP,3,MCA,B,Computer Lab,102,94,92.16,83.33,0.0,Theory,No,No,Yes,No,Sunny,14,615,675,15,3,0.0,3,83.33,84.96666666666665,85.785,85.785,78.2449,Before Lunch,0
2026-06-29,Monday,4,11.15 AM,12.15 PM,Innovation & Entrepreneurship Development,JSP,3,MCA,A,Computer Lab,103,98,95.15,95.15,0.0,Theory,No,No,Yes,No,Sunny,14,675,735,15,3,0.0,5,95.15,91.26333333333332,91.262,91.262,78.38267326732672,Before Lunch,0
2026-06-29,Monday,4,11.15 AM,12.15 PM,Innovation & Entrepreneurship Development,JSP,3,MCA,B,Computer Lab,102,94,92.16,92.16,0.0,Theory,No,No,Yes,No,Sunny,14,675,735,15,3,0.0,4,92.16,86.27333333333333,87.05999999999999,87.05999999999999,78.54705882352941,Before Lunch,0
2026-06-29,Monday,5,01.30 PM,02.30 PM,STQA Practical,"DPY, AAB",3,MCA,B,Computer Lab,102,98,96.08,86.27,1.25,Practical,No,No,Yes,No,Sunny,11,810,870,15,3,0.0,5,86.27,86.27,86.27,86.27,78.67922330097088,After Lunch,0
2026-06-29,Monday,6,02.30 PM,03.30 PM,STQA Practical,"DPY, AAB",3,MCA,A,Computer Lab,103,91,88.35,88.35,0.0,Practical,No,No,Yes,No,Sunny,11,870,930,15,3,0.0,6,88.35,92.23,92.23,92.23,78.84653846153847,After Lunch,0
2026-06-29,Monday,6,02.30 PM,03.30 PM,STQA Practical,"DPY, AAB",3,MCA,B,Computer Lab,102,98,96.08,96.08,0.0,Practical,No,No,Yes,No,Sunny,11,870,930,15,3,0.0,6,96.08,89.54,89.54,89.54,78.93704761904762,After Lunch,0
2026-06-30,Tuesday,1,08.30 AM,09.15 AM,Mobile Application Development,OL,3,MCA,A,Computer Lab,103,98,95.15,93.2,0.0,Theory,No,No,No,No,Rainy,12,510,555,16,3,1.0,1,93.2,95.14333333333333,96.506,96.506,79.09877358490566,Before Lunch,0
2026-06-30,Tuesday,1,08.30 AM,09.15 AM,Mobile Application Development,OL,3,MCA,B,Computer Lab,102,90,88.24,92.16,0.0,Theory,No,No,No,No,Rainy,12,510,555,16,3,1.0,1,92.16,94.12,95.688,95.688,79.24878504672898,Before Lunch,0
2026-06-30,Tuesday,2,09.15 AM,10.15 AM,Mobile Application Development,OL,3,MCA,A,Computer Lab,103,98,95.15,95.15,0.0,Theory,No,No,No,No,Rainy,12,555,615,16,3,1.0,2,95.15,93.85000000000001,96.38272727272728,96.38272727272728,79.33203703703704,Before Lunch,0
2026-06-30,Tuesday,2,09.15 AM,10.15 AM,Mobile Application Development,OL,3,MCA,B,Computer Lab,102,90,88.24,88.24,0.0,Theory,No,No,No,No,Rainy,12,555,615,16,3,1.0,2,88.24,90.85333333333334,95.01090909090908,95.01090909090908,79.47715596330275,Before Lunch,0
2026-06-30,Tuesday,3,10.15 AM,11.15 AM,Principles of Cloud Management & Security,SDM,3,MCA,A,Computer Lab,103,98,95.15,96.12,0.0,Theory,No,No,No,No,Rainy,7,615,675,16,3,1.0,3,96.12,96.605,96.605,96.605,79.55681818181819,Before Lunch,0
2026-06-30,Tuesday,3,10.15 AM,11.15 AM,Principles of Cloud Management & Security,SDM,3,MCA,B,Computer Lab,102,94,92.16,95.1,0.0,Theory,No,No,No,No,Rainy,7,615,675,16,3,1.0,3,95.1,95.59,95.59,95.59,79.6972972972973,Before Lunch,0
2026-06-30,Tuesday,4,11.15 AM,12.15 PM,Data Science & Machine Learning,MLK,3,MCA,A,Computer Lab,103,98,95.15,97.09,0.0,Theory,No,No,No,No,Rainy,9,675,735,16,3,1.0,4,97.09,97.09,97.09,97.09,79.80857142857143,Before Lunch,0
2026-06-30,Tuesday,4,11.15 AM,12.15 PM,Data Science & Machine Learning,"MLK, SP",3,MCA,B,Computer Lab,102,94,92.16,98.04,0.0,Theory,No,No,No,No,Rainy,10,675,735,16,3,1.0,4,98.04,97.06,97.06,97.06,79.94433628318583,Before Lunch,0
2026-06-30,Tuesday,5,01.30 PM,02.30 PM,DS & ML Practical,"MLK, SP",3,MCA,A,Computer Lab,103,94,91.26,93.2,1.25,Practical,No,No,No,No,Rainy,10,810,870,16,3,1.0,5,93.2,93.2,93.2,93.2,80.05149122807018,After Lunch,0
2026-06-30,Tuesday,5,01.30 PM,02.30 PM,DS & ML Practical,"MLK, SP",3,MCA,B,Computer Lab,102,89,87.25,92.16,1.25,Practical,No,No,No,No,Rainy,10,810,870,16,3,1.0,5,92.16,92.16,92.16,92.16,80.14895652173912,After Lunch,0
2026-06-30,Tuesday,6,02.30 PM,03.30 PM,DS & ML Practical,MLK. SP,3,MCA,A,Computer Lab,103,94,91.26,91.26,0.0,Practical,No,No,No,No,Rainy,10,870,930,16,3,1.0,6,91.26,92.55333333333334,92.55333333333334,92.55333333333334,80.2101724137931,After Lunch,0
2026-06-30,Tuesday,6,02.30 PM,03.30 PM,DS & ML Practical,MLK,3,MCA,B,Computer Lab,102,89,87.25,87.25,0.0,Practical,No,No,No,No,Rainy,9,870,930,16,3,1.0,6,87.25,90.52333333333333,90.52333333333333,90.52333333333333,80.30461538461537,After Lunch,0
2026-07-01,Wednesday,1,08.30 AM,09.15 AM,Mobile Application Development,OL,3,MCA,A,Computer Lab,103,98,95.15,95.15,0.0,Theory,No,No,No,No,Cloudy,12,510,555,17,3,2.0,1,95.15,94.5,96.28000000000002,,80.36347457627119,Before Lunch,0
2026-07-01,Wednesday,1,08.30 AM,09.15 AM,Mobile Application Development,OL,3,MCA,B,Computer Lab,102,94,92.16,88.24,0.0,Theory,No,No,No,No,Cloudy,12,510,555,17,3,2.0,1,88.24,89.54666666666667,94.44666666666666,,80.48773109243699,Before Lunch,0
2026-07-01,Wednesday,2,09.15 AM,10.15 AM,Mobile Application Development,OL,3,MCA,A,Computer Lab,103,98,95.15,95.15,0.0,Theory,No,No,No,No,Cloudy,12,555,615,17,3,2.0,2,95.15,95.15,96.19307692307692,95.15,80.58500000000001,Before Lunch,0
2026-07-01,Wednesday,2,09.15 AM,10.15 AM,Mobile Application Development,OL,3,MCA,B,Computer Lab,102,94,92.16,92.16,0.0,Theory,No,No,No,No,Cloudy,12,555,615,17,3,2.0,2,92.16,89.54666666666667,94.27076923076923,92.16,80.70537190082645,Before Lunch,0
2026-07-01,Wednesday,3,10.15 AM,11.15 AM,Software Testing & Quality Assurance,DPY,3,MCA,A,Computer Lab,103,100,97.09,97.09,0.0,Theory,No,No,No,No,Cloudy,10,615,675,17,3,2.0,3,97.09,96.605,96.605,,80.79926229508197,Before Lunch,0
2026-07-01,Wednesday,3,10.15 AM,11.15 AM,Software Testing & Quality Assurance,DPY,3,MCA,B,Computer Lab,102,98,96.08,98.04,0.0,Theory,No,No,No,No,Cloudy,10,615,675,17,3,2.0,3,98.04,96.57,96.57,,80.93170731707318,Before Lunch,0
2026-07-01,Wednesday,4,11.15 AM,12.15.PM,Principles of Cloud Management & Security,SDM,3,MCA,A,Computer Lab,103,100,97.09,95.15,0.0,Theory,No,No,No,No,Cloudy,7,675,735,17,3,2.0,4,95.15,96.12,96.12,,81.05387096774194,Before Lunch,0
2026-07-01,Wednesday,4,11.15 AM,12.15 PM,Principles of Cloud Management & Security,SDM,3,MCA,B,Computer Lab,102,98,96.08,92.16,0.0,Theory,No,No,No,No,Cloudy,7,675,735,17,3,2.0,4,92.16,94.44666666666666,94.44666666666666,,81.18216000000001,Before Lunch,0
2026-07-01,Wednesday,5,01.30 PM,02.30 PM,Innovation & Entrepreneurship Development,JSP,3,MCA,A,Computer Lab,103,89,86.41,95.15,1.25,Theory,No,No,No,No,Cloudy,14,810,870,17,3,2.0,5,95.15,93.20666666666666,91.91000000000001,,81.30039682539683,After Lunch,0
2026-07-01,Wednesday,5,01.30 PM,02.30 PM,Innovation & Entrepreneurship Development,JSP,3,MCA,B,Computer Lab,102,8,7.84,92.16,1.25,Theory,No,No,No,No,Cloudy,14,810,870,17,3,2.0,5,92.16,89.21666666666665,87.91000000000001,,81.34062992125985,After Lunch,0
2026-07-01,Wednesday,6,02.30 PM,03.30 PM,Innovation & Entrepreneurship Development,JSP,3,MCA,A,Computer Lab,103,89,86.41,86.41,0.0,Theory,No,No,No,No,Cloudy,14,870,930,17,3,2.0,6,86.41,92.23666666666668,91.12428571428572,86.41,80.76640625,After Lunch,0
2026-07-01,Wednesday,6,02.30 PM,03.30 PM,Innovation & Entrepreneurship Development,JSP,3,MCA,B,Computer Lab,102,87,85.29,7.84,0.0,Theory,No,No,No,No,Cloudy,14,870,930,17,3,2.0,6,7.84,64.05333333333333,76.47142857142856,7.84,80.81015503875969,After Lunch,0
2026-07-02,Thursday,1,08.30 AM,09.15 AM,Mobile Application Development,OL,3,MCA,A,Computer Lab,103,95,92.23,95.15,0.0,Theory,No,No,No,No,Sunny,12,510,555,18,3,3.0,1,95.15,95.15,96.11857142857143,95.15,80.84461538461538,Before Lunch,0
2026-07-02,Thursday,1,08.30 AM,09.15 AM,Mobile Application Development,OL,3,MCA,B,Computer Lab,102,96,94.12,92.16,0.0,Theory,No,No,No,No,Sunny,12,510,555,18,3,3.0,1,92.16,90.85333333333331,94.12,92.16,80.93152671755726,Before Lunch,0
2026-07-02,Thursday,2,09.15 AM,10.15 AM,Mobile Application Development,OL,3,MCA,A,Computer Lab,103,95,92.23,92.23,0.0,Theory,No,No,No,No,Sunny,12,555,615,18,3,3.0,2,92.23,94.17666666666668,95.85933333333334,94.17666666666668,81.0314393939394,Before Lunch,0
2026-07-02,Thursday,2,09.15 AM,10.15 AM,Mobile Application Development,OL,3,MCA,B,Computer Lab,102,96,94.12,94.12,0.0,Theory,No,No,No,No,Sunny,12,555,615,18,3,3.0,2,94.12,92.81333333333333,94.11999999999999,92.81333333333333,81.11563909774435,Before Lunch,0
2026-07-02,Thursday,3,10.15 AM,11.15 AM,Data Science & Machine Learning,MLK,3,MCA,A,Computer Lab,103,92,89.32,95.15,0.0,Theory,No,No,No,No,Sunny,9,615,675,18,3,3.0,3,95.15,96.44333333333334,96.44333333333334,,81.21268656716418,Before Lunch,0
2026-07-02,Thursday,3,10.15 AM,11.15 AM,Data Science & Machine Learning,MLK,3,MCA,B,Computer Lab,102,91,89.22,92.16,0.0,Theory,No,No,No,No,Sunny,9,615,675,18,3,3.0,3,92.16,95.42666666666666,95.42666666666666,,81.27274074074074,Before Lunch,0
2026-07-02,Thursday,4,11.15 AM,12.15 PM,Software Testing & Quality Assurance,AAB,3,MCA,A,Computer Lab,103,92,89.32,97.09,0.0,Theory,No,No,No,No,Sunny,6,675,735,18,3,3.0,4,97.09,96.76666666666667,96.76666666666667,97.09,81.33117647058825,Before Lunch,0
2026-07-02,Thursday,4,11.15 AM,12.15 PM,Software Testing & Quality Assurance,AAB,3,MCA,B,Computer Lab,102,90,88.24,96.08,0.0,Theory,No,No,No,No,Sunny,6,675,735,18,3,3.0,4,96.08,96.40666666666668,96.40666666666668,96.08,81.3894890510949,Before Lunch,0
2026-07-03,Friday,5,01.30 AM,02.30 PM,Software Testing & Quality Assurance,AAB,3,MCA,A,Computer Lab,103,85,82.52,89.32,1.25,Theory,No,No,No,No,Rainy,6,90,870,19,3,4.0,1,89.32,94.5,94.905,93.205,81.43913043478261,Before Lunch,0
2026-07-03,Friday,1,08.30 AM,09.15 AM,Mobile Application Development,OL,3,MCA,A,Computer Lab,103,93,90.29,92.23,0.0,Theory,No,No,No,No,Rainy,12,510,555,19,3,4.0,2,92.23,93.20333333333333,95.63250000000001,93.69,81.44690647482015,Before Lunch,0
2026-07-03,Friday,1,08.30 AM,09.15 AM,Mobile Application Development,OL,3,MCA,B,Computer Lab,102,95,93.14,94.12,0.0,Theory,No,No,No,No,Rainy,12,510,555,19,3,4.0,1,94.12,93.46666666666665,94.12,93.14,81.51007142857142,Before Lunch,0
2026-07-03,Friday,2,09.15 AM,10.15 AM,Mobile Application Development,OL,3,MCA,A,Computer Lab,103,93,90.29,90.29,0.0,Theory,No,No,No,No,Rainy,12,555,615,19,3,4.0,3,90.29,91.58333333333333,95.31823529411766,93.01,81.59255319148936,Before Lunch,0
2026-07-03,Friday,2,09.15 AM,10.15 AM,Mobile Application Development,OL,3,MCA,B,Computer Lab,102,95,93.14,93.14,0.0,Theory,No,No,No,No,Rainy,12,555,615,19,3,4.0,2,93.14,93.79333333333334,94.06235294117647,93.14,81.6538028169014,Before Lunch,0
2026-07-03,Friday,3,10.15 AM,11.15 AM,Data Science & Machine Learning,MLK,3,MCA,A,Computer Lab,103,91,88.35,89.32,0.0,Theory,No,No,No,No,Rainy,9,615,675,19,3,4.0,4,89.32,93.85333333333334,94.6625,89.32,81.73412587412587,Before Lunch,0
2026-07-03,Friday,3,10.15 AM,11.15 AM,Data Science & Machine Learning,MLK,3,MCA,B,Computer Lab,102,94,92.16,89.22,0.0,Theory,No,No,No,No,Rainy,9,615,675,19,3,4.0,3,89.22,93.14,93.875,89.22,81.78006944444445,Before Lunch,0
2026-07-03,Friday,4,11.15 AM,12.15 PM,Principles of Cloud Management & Security,SDM,3,MCA,A,Computer Lab,103,90,87.38,97.09,0.0,Theory,No,No,No,No,Rainy,7,675,735,19,3,4.0,5,97.09,96.12,96.36250000000001,97.09,81.85165517241379,Before Lunch,0
2026-07-03,Friday,4,11.15 AM,12.15 PM,Principles of Cloud Management & Security,SDM,3,MCA,B,Computer Lab,102,94,92.16,96.08,0.0,Theory,No,No,No,No,Rainy,7,675,735,19,3,4.0,4,96.08,94.44666666666667,94.85499999999999,96.08,81.88952054794521,Before Lunch,0
2026-07-03,Friday,5,01.30 PM,02.30 PM,Software Testing & Quality Assurance,AAB,3,MCA,B,Computer Lab,102,90,88.24,88.24,1.25,Theory,No,No,No,No,Rainy,6,810,870,19,3,4.0,5,88.24,94.12,94.365,92.16,81.95938775510204,After Lunch,0
2026-07-03,Friday,6,02.30 PM,03.30 PM,Software Testing & Quality Assurance,AAB,3,MCA,A,Computer Lab,103,85,82.52,82.52,0.0,Theory,No,No,No,No,Rainy,6,870,930,19,3,4.0,6,82.52,89.64333333333333,92.428,89.64333333333333,82.00182432432433,After Lunch,0
2026-07-03,Friday,6,02.30 PM,03.30 PM,Software Testing & Quality Assurance,AAB,3,MCA,B,Computer Lab,102,90,88.24,88.24,0.0,Theory,No,No,No,No,Rainy,6,870,930,19,3,4.0,6,88.24,90.85333333333331,93.14,90.85333333333334,82.00530201342282,After Lunch,0
2026-07-04,Saturday,1,08.30 AM,09.15 AM,MAD Practical,OL,3,MCA,A,Computer Lab,103,101,98.06,79.61,0.0,Practical,No,No,Yes,No,Cloudy,12,510,555,20,3,5.0,1,79.61,79.61,79.61,,82.04686666666667,Before Lunch,0
2026-07-04,Saturday,1,08.30 AM,09.15 AM,MAD Practical,OL,3,MCA,B,Computer Lab,102,100,98.04,83.33,0.0,Practical,No,No,Yes,No,Cloudy,12,510,555,20,3,5.0,1,83.33,83.33,83.33,,82.15291390728477,Before Lunch,0
2026-07-04,Saturday,2,09.15 AM,10.15 AM,Project Meeting,Project Guides,3,MCA,A,Seminar Hall,103,101,98.06,,0.0,Practical,No,No,Yes,No,Cloudy,11,555,615,20,3,0.0,2,,,,,82.25743421052631,Before Lunch,0
2026-07-04,Saturday,2,09.15 AM,10.15 AM,Project Meeting,Project Guides,3,MCA,B,Seminar Hall,102,100,98.04,,0.0,Practical,No,No,Yes,No,Cloudy,11,555,615,20,3,0.0,2,,,,,82.36071895424837,Before Lunch,0
2026-07-06,Monday,1,10.00 AM,11.15 AM,Innovation & Entrepreneurship Development,SA,3,MCA,A,Seminar Hall,103,79,76.7,86.41,0.0,Theory,No,No,Yes,No,Rainy,5,600,675,22,4,2.0,1,86.41,89.32333333333334,90.535,86.41,82.46253246753247,Before Lunch,0
2026-07-06,Monday,1,10.00 AM,11.15 AM,Innovation & Entrepreneurship Development,SA,3,MCA,B,Seminar Hall,102,81,79.41,85.29,0.0,Theory,No,No,Yes,No,Rainy,5,600,675,22,4,2.0,1,85.29,61.76333333333334,77.57375,46.565000000000005,82.42535483870968,Before Lunch,0
2026-07-06,Monday,2,11.15 AM,12.15 PM,Innovation & Entrepreneurship Development,SA,3,MCA,A,Seminar Hall,103,79,76.7,76.7,0.0,Theory,No,No,Yes,No,Rainy,5,675,735,22,4,0.0,2,76.7,83.17333333333333,88.99777777777778,83.17333333333333,82.40602564102564,Before Lunch,0
2026-07-06,Monday,2,11.15 AM,12.15 PM,Innovation & Entrepreneurship Development,SA,3,MCA,B,Seminar Hall,102,81,79.41,79.41,0.0,Theory,No,No,Yes,No,Rainy,5,675,735,22,4,0.0,2,79.41,57.51333333333334,77.77777777777777,57.51333333333334,82.36968152866243,Before Lunch,0
2026-07-06,Monday,3,01.30 PM,02.30 PM,STQA Practical,"DPY, AAB",3,MCA,A,Computer Lab,103,75,72.82,88.35,1.25,Practical,No,No,Yes,No,Rainy,11,810,870,22,4,0.0,3,88.35,90.29,91.25999999999999,,82.35094936708862,After Lunch,0
2026-07-06,Monday,3,01.30 PM,02.30 PM,STQA Practical,"DPY, AAB",3,MCA,B,Computer Lab,102,77,75.49,96.08,1.25,Practical,No,No,Yes,No,Rainy,11,810,870,22,4,0.0,3,96.08,92.81,91.175,,82.29100628930819,After Lunch,0
2026-07-06,Monday,4,02.30 PM,03.30 PM,STQA Practical,"DPY, AAB",3,MCA,A,Computer Lab,103,75,72.82,72.82,0.0,Practical,No,No,Yes,No,Rainy,11,870,930,22,4,0.0,4,72.82,83.17333333333333,87.572,72.82,82.2485,After Lunch,0
2026-07-06,Monday,4,02.30 PM,03.30 PM,STQA Practical,"DPY, AAB",3,MCA,B,Computer Lab,102,77,75.49,75.49,0.0,Practical,No,No,Yes,No,Rainy,11,870,930,22,4,0.0,4,75.49,89.21666666666665,88.038,75.49,82.18993788819876,After Lunch,0
2026-07-07,Tuesday,1,08.30 AM,09.15 AM,Mobile Application Development,OL,3,MCA,A,Computer Lab,103,74,71.84,90.29,0.0,Theory,No,No,No,No,Cloudy,12,510,555,23,4,1.0,1,90.29,90.93666666666667,95.03888888888889,92.55666666666667,82.14858024691358,Before Lunch,0
2026-07-07,Tuesday,1,08.30 AM,09.15 AM,Mobile Application Development,OL,3,MCA,B,Computer Lab,102,70,68.63,93.14,0.0,Theory,No,No,No,No,Cloudy,12,510,555,23,4,1.0,1,93.14,93.46666666666665,94.01111111111112,93.14,82.08533742331288,Before Lunch,0
2026-07-07,Tuesday,2,09.15 AM,10.15 AM,Mobile Application Development,OL,3,MCA,A,Computer Lab,103,74,71.84,71.84,0.0,Theory,No,No,No,No,Cloudy,12,555,615,23,4,1.0,2,71.84,84.14,93.8178947368421,89.59714285714287,82.00329268292684,Before Lunch,0
2026-07-07,Tuesday,2,09.15 AM,10.15 AM,Mobile Application Development,OL,3,MCA,B,Computer Lab,102,70,68.63,68.63,0.0,Theory,No,No,No,No,Cloudy,12,555,615,23,4,1.0,2,68.63,84.97,92.67526315789473,89.63857142857144,81.94169696969696,Before Lunch,0
2026-07-07,Tuesday,3,10.15 AM,11.15 AM,Principles of Cloud Management & Security,SDM,3,MCA,A,Computer Lab,103,89,86.41,87.38,0.0,Theory,No,No,No,No,Cloudy,7,615,675,23,4,1.0,3,87.38,93.20666666666666,94.566,92.235,81.86150602409639,Before Lunch,0
2026-07-07,Tuesday,3,10.15 AM,11.15 AM,Principles of Cloud Management & Security,SDM,3,MCA,B,Computer Lab,102,88,86.27,92.16,0.0,Theory,No,No,No,No,Cloudy,7,615,675,23,4,1.0,3,92.16,93.46666666666665,94.316,94.12,81.88874251497006,Before Lunch,0
2026-07-07,Tuesday,4,11.15 AM,12.15 PM,Data Science & Machine Learning,MLK,3,MCA,A,Computer Lab,103,89,86.41,88.35,0.0,Theory,No,No,No,No,Cloudy,9,675,735,23,4,1.0,4,88.35,90.94,93.4,88.835,81.91482142857143,Before Lunch,0
2026-07-07,Tuesday,4,11.15 AM,12.15 PM,Data Science & Machine Learning,MLK,3,MCA,B,Computer Lab,102,89,87.25,92.16,0.0,Theory,No,No,No,No,Cloudy,9,675,735,23,4,1.0,4,92.16,91.17999999999999,93.532,90.69,81.9414201183432,Before Lunch,0
2026-07-07,Tuesday,5,01.30 PM,02.30 PM,DS & ML Practical,"MLK, SP",3,MCA,A,Computer Lab,103,84,81.55,91.26,1.25,Practical,No,No,No,No,Cloudy,10,810,870,23,4,1.0,5,91.26,91.90666666666668,92.23,,81.97264705882353,After Lunch,0
2026-07-07,Tuesday,5,01.30 PM,02.30 PM,DS & ML Practical,"MLK, SP",3,MCA,B,Computer Lab,102,80,78.43,87.25,1.25,Practical,No,No,No,No,Cloudy,10,810,870,23,4,1.0,5,87.25,88.88666666666666,89.705,,81.97017543859648,After Lunch,0
2026-07-07,Tuesday,6,02.30 PM,03.30 PM,DS & ML Practical,"MLK, SP",3,MCA,A,Computer Lab,103,84,81.55,81.55,0.0,Practical,No,No,No,No,Cloudy,10,870,930,23,4,1.0,6,81.55,88.02333333333333,90.09400000000001,81.55,81.94959302325582,After Lunch,0
2026-07-07,Tuesday,6,02.30 PM,03.30 PM,DS & ML Practical,"MLK, SP",3,MCA,B,Computer Lab,102,80,78.43,78.43,0.0,Practical,No,No,No,No,Cloudy,10,870,930,23,4,1.0,6,78.43,84.31,87.45,78.43,81.94728323699421,After Lunch,0
2026-07-08,Wednesday,1,09.15 AM,10.15 AM,Mobile Application Development,OL,3,MCA,A,Computer Lab,103,82,79.61,71.84,0.0,Theory,Yes,No,No,No,Sunny,12,555,615,24,4,2.0,1,71.84,77.99,92.71900000000001,87.3775,81.92706896551724,Before Lunch,1
2026-07-08,Wednesday,1,09.15 AM,10.15 AM,Mobile Application Development,OL,3,MCA,B,Computer Lab,102,80,78.43,68.63,0.0,Theory,Yes,No,No,No,Sunny,12,555,615,24,4,2.0,1,68.63,76.8,91.473,87.0125,81.91382857142857,Before Lunch,1
2026-07-08,Wednesday,2,10.15 AM,11.15 AM,Software Testing & Quality Assurance,DPY,3,MCA,A,Computer Lab,103,83,80.58,82.52,0.0,Theory,Yes,No,No,No,Sunny,10,615,675,24,4,2.0,2,82.52,84.78666666666666,90.77666666666666,87.8625,81.89403409090909,Before Lunch,1
2026-07-08,Wednesday,2,10.15 AM,11.15 AM,Software Testing & Quality Assurance,DPY,3,MCA,B,Computer Lab,102,82,80.39,88.24,0.0,Theory,Yes,No,No,No,Sunny,10,615,675,24,4,2.0,2,88.24,88.24,92.32333333333332,90.19999999999999,81.88661016949153,Before Lunch,1
2026-07-08,Wednesday,3,11.15 AM,12.15 PM,Principles of Cloud Management & Security,SDM,3,MCA,A,Computer Lab,103,85,82.52,86.41,0.0,Theory,Yes,No,No,No,Sunny,7,675,735,24,4,2.0,3,86.41,90.29333333333334,93.20666666666666,90.29333333333334,81.87820224719101,Before Lunch,1
2026-07-08,Wednesday,3,11.15 AM,12.15 PM,Principles of Cloud Management & Security,SDM,3,MCA,B,Computer Lab,102,83,81.37,86.27,0.0,Theory,Yes,No,No,No,Sunny,7,675,735,24,4,2.0,3,86.27,91.50333333333333,92.97500000000001,91.50333333333333,81.8817877094972,Before Lunch,1
2026-07-08,Wednesday,4,01.30 PM,02.30 PM,Innovation & Entrepreneurship Development,JSP,3,MCA,A,Computer Lab,103,78,75.73,76.7,1.25,Theory,Yes,No,No,No,Sunny,14,810,870,24,4,2.0,4,76.7,79.93666666666667,87.768,81.555,81.87894444444444,After Lunch,1
2026-07-08,Wednesday,4,01.30 PM,02.30 PM,Innovation & Entrepreneurship Development,JSP,3,MCA,B,Computer Lab,102,79,77.45,79.41,1.25,Theory,Yes,No,No,No,Sunny,14,810,870,24,4,2.0,4,79.41,81.37,77.941,62.9875,81.84497237569062,After Lunch,1
2026-07-08,Wednesday,5,02.30 PM,03.30 PM,Innovation & Entrepreneurship Development,JSP,3,MCA,A,Computer Lab,103,78,75.73,75.73,0.0,Theory,Yes,No,No,No,Sunny,14,870,930,24,4,2.0,5,75.73,76.37666666666667,86.67363636363636,80.39,81.82082417582417,After Lunch,1
2026-07-08,Wednesday,5,02.30 PM,03.30 PM,Innovation & Entrepreneurship Development,JSP,3,MCA,B,Computer Lab,102,79,77.45,77.45,0.0,Theory,Yes,No,No,No,Sunny,14,870,930,24,4,2.0,5,77.45,78.75666666666666,77.89636363636363,65.88,81.78754098360656,After Lunch,1
2026-07-09,Thursday,1,09.15 AM,10.15 AM,Mobile Application Development,OL,3,MCA,A,Computer Lab,103,85,82.52,79.61,0.0,Theory,Yes,No,No,No,Rainy,12,555,615,25,4,3.0,1,79.61,74.43,92.09476190476191,86.51444444444445,81.76396739130435,Before Lunch,1
2026-07-09,Thursday,1,09.15 AM,10.15 AM,Mobile Application Development,OL,3,MCA,B,Computer Lab,102,89,87.25,78.43,0.0,Theory,Yes,No,No,No,Rainy,12,555,615,25,4,3.0,1,78.43,71.89666666666666,90.85190476190476,86.05888888888889,81.76805405405406,Before Lunch,1
2026-07-09,Thursday,2,10.15 AM,11.15 AM,Data Science & Machine Learning,MLK,3,MCA,A,Computer Lab,103,85,82.52,86.41,0.0,Theory,Yes,No,No,No,Rainy,9,615,675,25,4,3.0,2,86.41,88.02666666666666,92.235,88.02666666666666,81.79752688172043,Before Lunch,1
2026-07-09,Thursday,2,10.15 AM,11.15 AM,Data Science & Machine Learning,MLK,3,MCA,B,Computer Lab,102,89,87.25,87.25,0.0,Theory,Yes,No,No,No,Rainy,9,615,675,25,4,3.0,2,87.25,89.54333333333334,92.485,89.54333333333334,81.80139037433156,Before Lunch,1
2026-07-09,Thursday,3,11.15 AM,12.15 PM,Software Testing & Quality Assurance,AAB,3,MCA,A,Computer Lab,103,85,82.52,80.58,0.0,Theory,Yes,No,No,No,Rainy,6,675,735,25,4,3.0,3,80.58,81.87333333333333,89.32000000000001,86.40599999999999,81.83037234042554,Before Lunch,1
2026-07-09,Thursday,3,11.15 AM,12.15P PM,Software Testing & Quality Assurance,AAB,3,MCA,B,Computer Lab,102,89,87.25,80.39,0.0,Theory,Yes,No,No,No,Rainy,6,675,735,25,4,3.0,3,80.39,85.62333333333333,90.61857142857141,88.238,81.83402116402117,Before Lunch,1
2026-07-10,Friday,1,08.30 AM,09.15 AM,Mobile Application Development,OL,3,MCA,A,Computer Lab,103,77,74.76,82.52,0.0,Theory,Yes,No,No,No,Cloudy,12,510,555,26,4,4.0,1,82.52,77.99,91.65954545454545,86.11500000000001,81.86252631578947,Before Lunch,1
2026-07-10,Friday,1,08.30 AM,09.15 AM,Mobile Application Development,OL,3,MCA,B,Computer Lab,102,74,72.55,87.25,0.0,Theory,Yes,No,No,No,Cloudy,12,510,555,26,4,4.0,1,87.25,78.10333333333334,90.68818181818182,86.178,81.82534031413613,Before Lunch,1
2026-07-10,Friday,2,09.15 AM,10.15 AM,Mobile Application Development,OL,3,MCA,A,Computer Lab,103,77,74.76,74.76,0.0,Theory,Yes,No,No,No,Cloudy,12,555,615,26,4,4.0,2,74.76,78.96333333333332,90.92478260869565,85.08272727272728,81.77703125000001,Before Lunch,1
2026-07-10,Friday,2,09.15 AM,10.15 AM,Mobile Application Development,OL,3,MCA,B,Computer Lab,102,74,72.55,72.55,0.0,Theory,Yes,No,No,No,Cloudy,12,555,615,26,4,4.0,2,72.55,79.41000000000001,89.89956521739131,84.93909090909091,81.74067357512953,Before Lunch,1
2026-07-10,Friday,3,10.15 AM,11.15 AM,Data Science & Machine Learning,MLK,3,MCA,A,Computer Lab,103,79,76.7,82.52,0.0,Theory,Yes,No,No,No,Cloudy,9,615,675,26,4,4.0,3,82.52,85.75999999999999,90.84714285714286,86.64999999999999,81.69329896907216,Before Lunch,1
2026-07-10,Friday,3,10.15 AM,11.15 AM,Data Science & Machine Learning,MLK,3,MCA,B,Computer Lab,102,78,76.47,87.25,0.0,Theory,Yes,No,No,No,Cloudy,9,615,675,26,4,4.0,3,87.25,88.88666666666666,91.73714285714286,88.97,81.6676923076923,Before Lunch,1
2026-07-10,Friday,4,11.15 AM,12.15 PM,Principles of Cloud Management & Security,SDM,3,MCA,A,Computer Lab,103,83,80.58,82.52,0.0,Theory,Yes,No,No,No,Cloudy,7,675,735,26,4,4.0,4,82.52,85.43666666666667,91.67999999999999,88.35,81.64117346938775,Before Lunch,1
2026-07-10,Friday,4,11.15 AM,12.15 PM,Principles of Cloud Management & Security,SDM,3,MCA,B,Computer Lab,102,83,81.37,81.37,0.0,Theory,Yes,No,No,No,Cloudy,7,675,735,26,4,4.0,4,81.37,86.60000000000001,91.31714285714285,88.97,81.63578680203045,Before Lunch,1
2026-07-10,Friday,5,01.30 PM,02.30 PM,Software Testing & Quality Assurance,AAB,3,MCA,A,Computer Lab,103,80,77.67,82.52,1.25,Theory,Yes,No,No,No,Cloudy,6,810,870,26,4,4.0,5,82.52,81.87333333333333,88.47,85.75833333333333,81.63444444444445,After Lunch,1
2026-07-10,Friday,5,01.30 PM,02.30 PM,Software Testing & Quality Assurance,AAB,3,MCA,B,Computer Lab,102,82,80.39,87.25,1.25,Theory,Yes,No,No,No,Cloudy,6,810,870,26,4,4.0,5,87.25,85.29333333333334,90.19749999999999,88.07333333333332,81.61452261306533,After Lunch,1
2026-07-10,Friday,6,02.30 PM,03.30 PM,Software Testing & Quality Assurance,AAB,3,MCA,A,Computer Lab,103,80,77.67,77.67,0.0,Theory,Yes,No,No,No,Cloudy,6,870,930,26,4,4.0,6,77.67,80.25666666666666,87.27,84.60285714285715,81.6084,After Lunch,1
2026-07-10,Friday,6,02.30 PM,03.30 PM,Software Testing & Quality Assurance,AAB,3,MCA,B,Computer Lab,102,82,80.39,80.39,0.0,Theory,Yes,No,No,No,Cloudy,6,870,930,26,4,4.0,6,80.39,82.67666666666666,89.10777777777778,86.97571428571428,81.58880597014925,After Lunch,1
2026-07-11,Saturday,1,10.00 AM,01.00 PM,HR Mock Interview,GUEST_EXT,3,MCA,A,Seminar Hall,103,103,100.0,,0.0,Practical,Yes,No,Yes,No,Sunny,15,600,780,27,4,5.0,1,,,,,81.58287128712873,Before Lunch,1
2026-07-11,Saturday,1,10.00 AM,01.00 PM,HR Mock Interview,GUEST_EXT,3,MCA,B,Seminar Hall,102,102,100.0,,0.0,Practical,Yes,No,Yes,No,Sunny,15,600,780,27,4,5.0,1,,,,,81.67359605911331,Before Lunch,1
2026-07-11,Saturday,2,01.30 PM,04.30 PM,HR Mock Interview,GUEST_EXT,3,MCA,A,Seminar Hall,103,103,100.0,100.0,0.5,Practical,Yes,No,Yes,No,Sunny,15,810,990,27,4,0.0,2,100.0,100.0,100.0,100.0,81.76343137254902,After Lunch,1
2026-07-11,Saturday,2,01.30 PM,04.30 PM,HR Mock Interview,GUEST_EXT,3,MCA,B,Seminar Hall,102,102,100.0,100.0,0.5,Practical,Yes,No,Yes,No,Sunny,15,810,990,27,4,0.0,2,100.0,100.0,100.0,100.0,81.85239024390245,After Lunch,1
2026-07-13,Monday,1,08.30 AM,09.30 AM,Mobile Application Development,OL,3,MCA,A,Computer Lab,103,70,67.96,74.76,0.0,Theory,Yes,No,Yes,No,Cloudy,12,510,570,29,5,2.0,1,74.76,77.34666666666666,90.25125000000001,84.22250000000001,81.94048543689321,Before Lunch,1
2026-07-13,Monday,1,08.30 AM,09.30 AM,Mobile Application Development,OL,3,MCA,B,Computer Lab,102,72,70.59,72.55,0.0,Theory,Yes,No,Yes,No,Cloudy,12,510,570,29,5,2.0,1,72.55,77.45,89.17666666666666,83.90666666666667,81.87294685990338,Before Lunch,1
2026-07-13,Monday,2,09.30 AM,10.30 AM,Innovation & Entrepreneurship Development,SA,3,MCA,A,Seminar Hall,103,72,69.9,75.73,0.0,Theory,Yes,No,Yes,No,Cloudy,5,570,630,29,5,0.0,2,75.73,76.05333333333334,85.76166666666667,79.61333333333333,81.81870192307693,Before Lunch,1
2026-07-13,Monday,2,09.30 AM,10.30 AM,Innovation & Entrepreneurship Development,SA,3,MCA,B,Seminar Hall,102,73,71.57,77.45,0.0,Theory,Yes,No,Yes,No,Cloudy,5,570,630,29,5,0.0,2,77.45,78.10333333333334,77.85916666666667,67.80833333333334,81.76167464114832,Before Lunch,1
2026-07-13,Monday,3,10.30 AM,11.30 AM,Innovation & Entrepreneurship Development,SA,3,MCA,A,Seminar Hall,103,72,69.9,69.9,0.0,Theory,Yes,No,Yes,No,Cloudy,5,630,690,29,5,0.0,3,69.9,73.78666666666668,84.54153846153847,78.22571428571429,81.71314285714286,Before Lunch,1
2026-07-13,Monday,3,10.30 AM,11.30 AM,Innovation & Entrepreneurship Development,SA,3,MCA,B,Seminar Hall,102,73,71.57,71.57,0.0,Theory,Yes,No,Yes,No,Cloudy,5,630,690,29,5,0.0,3,71.57,75.49,77.37538461538462,68.3457142857143,81.65715639810426,Before Lunch,1
2026-07-13,Monday,4,01.30 PM,02.30 PM,STQA Practical,"DPY, AAB",3,MCA,A,Computer Lab,103,69,66.99,72.82,2.0,Practical,Yes,No,Yes,No,Cloudy,11,810,870,29,5,0.0,4,72.82,77.99666666666666,85.11333333333333,72.82,81.60957547169811,After Lunch,1
2026-07-13,Monday,4,01.30 PM,02.30 PM,STQA Practical,"DPY, AAB",3,MCA,B,Computer Lab,102,65,63.73,75.49,2.0,Practical,Yes,No,Yes,No,Cloudy,11,810,870,29,5,0.0,4,75.49,82.35333333333334,85.94666666666666,75.49,81.54093896713616,After Lunch,1
2026-07-13,Monday,5,02.30 PM,03.30 PM,STQA Practical,"DPY, AAB",3,MCA,A,Computer Lab,103,69,66.99,66.99,0.0,Practical,Yes,No,Yes,No,Cloudy,11,870,930,29,5,0.0,5,66.99,70.87666666666667,82.52428571428571,70.87666666666667,81.45771028037383,After Lunch,1
2026-07-13,Monday,5,02.30 PM,03.30 PM,STQA Practical,"DPY, AAB",3,MCA,B,Computer Lab,102,65,63.73,63.73,0.0,Practical,Yes,No,Yes,No,Cloudy,11,870,930,29,5,0.0,5,63.73,71.57,82.77285714285713,71.57,81.39041860465116,After Lunch,1
2026-07-14,Tuesday,1,08.30 AM,09.30 AM,Mobile Application Development,OL,3,MCA,A,Computer Lab,103,75,72.82,67.96,0.0,Theory,Yes,No,No,No,Sunny,12,510,570,30,5,1.0,1,67.96,72.49333333333334,89.35960000000001,82.97153846153847,81.3086574074074,Before Lunch,1
2026-07-14,Tuesday,1,08.30 AM,09.30 AM,Mobile Application Development,OL,3,MCA,B,Computer Lab,102,78,76.47,70.59,0.0,Theory,Yes,No,No,No,Sunny,12,510,570,30,5,1.0,1,70.59,71.89666666666666,88.4332,82.88230769230769,81.26953917050692,Before Lunch,1
2026-07-14,Tuesday,2,09.30 AM,10.30 AM,Principles of Cloud Management & Security,SDM,3,MCA,A,Computer Lab,103,80,77.67,80.58,0.0,Theory,Yes,No,No,No,Sunny,7,570,630,30,5,1.0,2,80.58,83.17,90.2925,86.796,81.24752293577981,Before Lunch,1
2026-07-14,Tuesday,2,09.30 AM,10.30 AM,Principles of Cloud Management & Security,SDM,3,MCA,B,Computer Lab,102,83,81.37,81.37,0.0,Theory,Yes,No,No,No,Sunny,7,570,630,30,5,1.0,2,81.37,83.00333333333333,90.07375,87.45,81.23118721461188,Before Lunch,1
2026-07-14,Tuesday,3,10.30 AM,11.30 AM,Data Science & Machine Learning,MLK,3,MCA,A,Computer Lab,103,80,77.67,76.7,0.0,Theory,Yes,No,No,No,Sunny,9,630,690,30,5,1.0,3,76.7,81.87666666666667,89.07875,84.66,81.23181818181818,Before Lunch,1
2026-07-14,Tuesday,3,10.30 AM,11.30 AM,Data Science & Machine Learning,MLK,3,MCA,B,Computer Lab,102,85,83.33,76.47,0.0,Theory,Yes,No,No,No,Sunny,9,630,690,30,5,1.0,3,76.47,83.65666666666667,89.82875,86.47,81.21570135746606,Before Lunch,1
2026-07-14,Tuesday,4,01.30 PM,02.30 PM,DS & ML Practical,"MLK, SP",3,MCA,A,Computer Lab,103,77,74.76,81.55,2.0,Practical,Yes,No,No,No,Sunny,10,810,870,30,5,1.0,4,81.55,84.78666666666668,88.67,81.55,81.22522522522523,After Lunch,1
2026-07-14,Tuesday,4,01.30 PM,02.30 PM,DS & ML Practical,"MLK, SP",3,MCA,B,Computer Lab,102,80,78.43,78.43,2.0,Practical,Yes,No,No,No,Sunny,10,810,870,30,5,1.0,4,78.43,81.37,85.94666666666667,78.43,81.19623318385649,After Lunch,1
2026-07-14,Tuesday,5,02.30 PM,03.30 PM,DS & ML Practical,"MLK, SP",3,MCA,A,Computer Lab,103,77,74.76,74.76,0.0,Practical,Yes,No,No,No,Sunny,10,870,930,30,5,1.0,5,74.76,79.28666666666668,86.68285714285715,79.28666666666668,81.18388392857142,After Lunch,1
2026-07-14,Tuesday,5,02.30 PM,03.30 PM,DS & ML Practical,"MLK, SP",3,MCA,B,Computer Lab,102,80,78.43,78.43,0.0,Practical,Yes,No,No,No,Sunny,10,870,930,30,5,1.0,5,78.43,78.43,84.87285714285714,78.43,81.15533333333333,After Lunch,1
2026-07-15,Wednesday,1,08.30 AM,09.30 AM,Mobile Application Development,OL,3,MCA,A,Computer Lab,103,73,70.87,72.82,0.0,Theory,No,No,No,No,Rainy,12,510,570,31,5,2.0,1,72.82,71.84666666666668,88.72346153846154,82.24642857142858,81.14327433628318,Before Lunch,0
2026-07-15,Wednesday,1,08.30 AM,09.30 AM,Mobile Application Development,OL,3,MCA,B,Computer Lab,102,72,70.59,76.47,0.0,Theory,No,No,No,No,Rainy,12,510,570,31,5,2.0,1,76.47,73.20333333333333,87.97307692307693,82.42428571428572,81.09801762114537,Before Lunch,0
2026-07-15,Wednesday,2,09.30 AM,10.30 AM,Software Testing & Quality Assurance,AAB,3,MCA,A,Computer Lab,103,79,76.7,77.67,0.0,Theory,No,No,No,No,Rainy,6,570,630,31,5,2.0,2,77.67,79.28666666666668,86.31,83.73625,81.0519298245614,Before Lunch,0
2026-07-15,Wednesday,2,09.30 AM,10.30 AM,Software Testing & Quality Assurance,AAB,3,MCA,B,Computer Lab,102,78,76.47,80.39,0.0,Theory,No,No,No,No,Rainy,6,570,630,31,5,2.0,2,80.39,82.67666666666666,88.236,86.1525,81.03292576419214,Before Lunch,0
2026-07-15,Wednesday,3,10.30 AM,11.30 AM,Principles of Cloud Management & Security,SDM,3,MCA,A,Computer Lab,103,82,79.61,77.67,0.0,Theory,No,No,No,No,Rainy,7,630,690,31,5,2.0,3,77.67,80.25666666666666,88.89,85.27499999999999,81.01308695652173,Before Lunch,0
2026-07-15,Wednesday,3,10.30 AM,11.30 AM,Principles of Cloud Management & Security,SDM,3,MCA,B,Computer Lab,102,79,77.45,81.37,0.0,Theory,No,No,No,No,Rainy,7,630,690,31,5,2.0,3,81.37,81.37,89.10666666666667,86.43666666666667,81.00701298701298,Before Lunch,0
2026-07-15,Wednesday,4,01.30 PM,02.30 PM,Innovation & Entrepreneurship Development,JSP,3,MCA,A,Computer Lab,103,80,77.67,69.9,2.0,Theory,No,No,No,No,Rainy,14,810,870,31,5,2.0,4,69.9,71.84333333333333,83.49571428571429,77.185,80.99168103448275,After Lunch,0
2026-07-15,Wednesday,4,01.30 PM,02.30 PM,Innovation & Entrepreneurship Development,JSP,3,MCA,B,Computer Lab,102,77,75.49,71.57,2.0,Theory,No,No,No,No,Rainy,14,810,870,31,5,2.0,4,71.57,73.52999999999999,76.96071428571429,68.74875,80.97742489270387,After Lunch,0
2026-07-15,Wednesday,5,02.30 PM,03.30 PM,Innovation & Entrepreneurship Development,JSP,3,MCA,A,Computer Lab,103,80,77.67,77.67,0.0,Theory,No,No,No,No,Rainy,14,870,930,31,5,2.0,5,77.67,72.49000000000001,83.10733333333334,77.23888888888888,80.95397435897436,After Lunch,0
2026-07-15,Wednesday,5,02.30 PM,03.30 PM,Innovation & Entrepreneurship Development,JSP,3,MCA,B,Computer Lab,102,77,75.49,75.49,0.0,Theory,No,No,No,No,Rainy,14,870,930,31,5,2.0,5,75.49,72.87666666666667,76.86266666666667,69.49777777777778,80.94000000000001,After Lunch,0
2026-07-16,Thursday,1,08.30 AM,09.30 AM,Mobile Application Development,OL,3,MCA,A,Computer Lab,103,74,71.84,70.87,0.0,Theory,No,No,No,No,Cloudy,12,510,570,32,5,3.0,1,70.87,70.55,88.06222222222223,81.488,80.91690677966102,Before Lunch,0
2026-07-16,Thursday,1,08.30 AM,09.30 AM,Mobile Application Development,OL,3,MCA,B,Computer Lab,102,77,75.49,70.59,0.0,Theory,No,No,No,No,Cloudy,12,510,570,32,5,3.0,1,70.59,72.55,87.32925925925926,81.63533333333334,80.87860759493671,Before Lunch,0
2026-07-16,Thursday,2,09.30 AM,10.30 AM,Data Science & Machine Learning,MLK,3,MCA,A,Computer Lab,103,79,76.7,77.67,0.0,Theory,No,No,No,No,Cloudy,9,570,630,32,5,3.0,2,77.67,78.96333333333332,87.8111111111111,83.49499999999999,80.85596638655463,Before Lunch,0
2026-07-16,Thursday,2,09.30 AM,10.30 AM,Data Science & Machine Learning,MLK,3,MCA,B,Computer Lab,102,77,75.49,83.33,0.0,Theory,No,No,No,No,Cloudy,9,570,630,32,5,3.0,2,83.33,82.35000000000001,89.10666666666667,85.94666666666666,80.83857740585773,Before Lunch,0
2026-07-16,Thursday,3,10.30 AM,11.30 AM,Software Testing & Quality Assurance,AAB,3,MCA,A,Computer Lab,103,83,80.58,76.7,0.0,Theory,No,No,No,No,Cloudy,6,630,690,32,5,3.0,3,76.7,77.34666666666668,85.43636363636364,82.95444444444445,80.81629166666667,Before Lunch,0
2026-07-16,Thursday,3,10.30 AM,11.30 AM,Software Testing & Quality Assurance,AAB,3,MCA,B,Computer Lab,102,79,77.45,76.47,0.0,Theory,No,No,No,No,Cloudy,6,630,690,32,5,3.0,3,76.47,79.08333333333333,87.16636363636363,85.07666666666665,80.81531120331951,Before Lunch,0
2026-07-17,Friday,1,08.30 AM,09.30 AM,Mobile Application Development,OL,3,MCA,A,Computer Lab,103,75,72.82,71.84,0.0,Theory,No,No,No,No,Sunny,12,510,570,33,5,4.0,1,71.84,71.84333333333335,87.48285714285714,80.885,80.80140495867768,Before Lunch,0
2026-07-17,Friday,1,08.30 AM,09.30 AM,Mobile Application Development,OL,3,MCA,B,Computer Lab,102,72,70.59,75.49,0.0,Theory,No,No,No,No,Sunny,12,510,570,33,5,4.0,1,75.49,74.18333333333334,86.90642857142858,81.25125,80.76855967078188,Before Lunch,0
2026-07-17,Friday,2,09.30 AM,10.30 AM,Data Science & Machine Learning,MLK,3,MCA,A,Computer Lab,103,79,76.7,76.7,0.0,Theory,No,No,No,No,Sunny,9,570,630,33,5,4.0,2,76.7,77.02333333333334,86.7,82.52428571428571,80.72684426229507,Before Lunch,0
2026-07-17,Friday,2,09.30 AM,10.30 AM,Data Science & Machine Learning,MLK,3,MCA,B,Computer Lab,102,75,73.53,75.49,0.0,Theory,No,No,No,No,Sunny,9,570,630,33,5,4.0,2,75.49,78.42999999999999,87.745,84.45285714285714,80.7104081632653,Before Lunch,0
2026-07-17,Friday,3,10.30 AM,11.30 AM,Principles of Cloud Management & Security,SDM,3,MCA,A,Computer Lab,103,78,75.73,79.61,0.0,Theory,No,No,No,No,Sunny,7,630,690,33,5,4.0,3,79.61,79.28666666666668,87.962,84.46571428571428,80.68121951219513,Before Lunch,0
2026-07-17,Friday,3,10.30 AM,11.30 AM,Principles of Cloud Management & Security,SDM,3,MCA,B,Computer Lab,102,76,74.51,77.45,0.0,Theory,No,No,No,No,Sunny,7,630,690,33,5,4.0,3,77.45,80.06333333333335,87.941,85.15285714285714,80.66117408906884,Before Lunch,0
2026-07-17,Friday,4,01.30 PM,02.30 PM,Software Testing & Quality Assurance,AAB,3,MCA,A,Computer Lab,103,71,68.93,80.58,2.0,Theory,No,No,No,No,Sunny,6,810,870,33,5,4.0,4,80.58,78.31666666666666,85.03166666666667,82.717,80.63637096774194,After Lunch,0
2026-07-17,Friday,4,01.30 PM,02.30 PM,Software Testing & Quality Assurance,AAB,3,MCA,B,Computer Lab,102,73,71.57,77.45,2.0,Theory,No,No,No,No,Sunny,6,810,870,33,5,4.0,4,77.45,78.10333333333334,86.35666666666667,84.314,80.58935742971887,After Lunch,0
2026-07-17,Friday,5,02.30 PM,03.30 PM,Software Testing & Quality Assurance,AAB,3,MCA,A,Computer Lab,103,71,68.93,68.93,0.0,Theory,No,No,No,No,Sunny,6,870,930,33,5,4.0,5,68.93,75.40333333333334,83.79307692307692,81.46363636363637,80.55328,After Lunch,0
2026-07-17,Friday,5,02.30 PM,03.30 PM,Software Testing & Quality Assurance,AAB,3,MCA,B,Computer Lab,102,73,71.57,71.57,0.0,Theory,No,No,No,No,Sunny,6,870,930,33,5,4.0,5,71.57,75.16333333333334,85.21923076923076,83.15545454545455,80.50697211155378,After Lunch,0
2026-07-18,Saturday,1,08.30 AM,09.15 AM,MAD Practical,OL,3,MCA,A,Computer Lab,103,68,66.02,98.06,0.0,Practical,No,No,Yes,No,Rainy,12,510,555,34,5,5.0,1,98.06,85.75999999999999,85.75999999999999,98.06,80.47150793650793,Before Lunch,0
2026-07-18,Saturday,1,08.30 AM,09.15 AM,MAD Practical,OL,3,MCA,B,Computer Lab,102,67,65.69,98.04,0.0,Practical,No,No,Yes,No,Rainy,12,510,555,34,5,5.0,1,98.04,88.23333333333333,88.23333333333333,98.04,80.41438735177866,Before Lunch,0
2026-07-18,Saturday,2,09.15 AM,10.15 AM,MAD Practical,OL,3,MCA,A,Computer Lab,103,68,66.02,66.02,0.0,Practical,No,No,Yes,No,Rainy,12,555,615,34,5,0.0,2,66.02,81.23,80.825,82.03999999999999,80.35641732283464,Before Lunch,0
2026-07-18,Saturday,2,09.15 AM,10.15 AM,MAD Practical,OL,3,MCA,B,Computer Lab,102,67,65.69,65.69,0.0,Practical,No,No,Yes,No,Rainy,12,555,615,34,5,0.0,2,65.69,82.35333333333334,82.5975,81.86500000000001,80.30019607843137,Before Lunch,0
2026-07-20,Monday,1,09.00 AM,10.00 AM,Innovation & Entrepreneurship Development,SA,3,MCA,A,Seminar Hall,103,70,67.96,77.67,0.0,Theory,No,No,Yes,Yes,Sunny,5,540,600,36,6,2.0,1,77.67,75.08,82.7675,77.28200000000001,80.243125,Before Lunch,0
2026-07-20,Monday,1,09.00 AM,10. 00 AM,Innovation & Entrepreneurship Development,SA,3,MCA,B,Seminar Hall,102,67,65.69,75.49,0.0,Theory,No,No,Yes,Yes,Sunny,5,540,600,36,6,2.0,1,75.49,74.18333333333334,76.776875,70.09700000000001,80.1953307392996,Before Lunch,0
2026-07-20,Monday,2,10.00 AM,11.00 AM,Innovation & Entrepreneurship Development,SA,3,MCA,A,Seminar Hall,103,70,67.96,67.96,0.0,Theory,No,No,Yes,Yes,Sunny,5,600,660,36,6,0.0,2,67.96,74.43333333333334,81.89647058823529,76.43454545454546,80.13910852713178,Before Lunch,0
2026-07-20,Monday,2,10.00 AM,11.00 AM,Innovation & Entrepreneurship Development,SA,3,MCA,B,Seminar Hall,102,67,65.69,65.69,0.0,Theory,No,No,Yes,Yes,Sunny,5,600,660,36,6,0.0,2,65.69,72.22333333333334,76.12470588235294,69.69636363636363,80.09208494208494,Before Lunch,0
2026-07-20,Monday,3,02.00 PM,03.00 PM,STQA Practical,"DPY, AAB",3,MCA,A,Computer Lab,103,68,66.02,66.99,3.0,Practical,No,No,Yes,Yes,Sunny,11,840,900,36,6,0.0,3,66.99,68.93333333333332,80.5825,69.905,80.0366923076923,After Lunch,0
2026-07-20,Monday,3,02.00 PM,03.00 PM,STQA Practical,"DPY, AAB",3,MCA,B,Computer Lab,102,65,63.73,63.73,3.0,Practical,No,No,Yes,Yes,Sunny,11,840,900,36,6,0.0,3,63.73,67.64999999999999,80.3925,69.61,79.98298850574713,After Lunch,0
2026-07-20,Monday,4,03.00 PM,04.00 PM,STQA Practical,"DPY, AAB",3,MCA,A,Computer Lab,103,68,66.02,66.02,0.0,Practical,No,No,Yes,Yes,Sunny,11,900,960,36,6,0.0,4,66.02,66.66666666666667,78.96444444444444,69.128,79.92095419847328,After Lunch,0
2026-07-20,Monday,4,03.00 PM,04.00 PM,STQA Practical,"DPY, AAB",3,MCA,B,Computer Lab,102,65,63.73,63.73,0.0,Practical,No,No,Yes,Yes,Sunny,11,900,960,36,6,0.0,4,63.73,63.73,78.5411111111111,68.434,79.8680988593156,After Lunch,0
2026-07-22,Wednesday,1,08.30 AM,09.15 AM,Mobile Application Development,OL,3,MCA,A,Computer Lab,103,67,65.05,72.82,0.0,Theory,No,No,No,No,Cloudy,12,510,555,38,6,2.0,1,72.82,71.84333333333335,86.97724137931036,80.41058823529411,79.8069696969697,Before Lunch,0
2026-07-22,Wednesday,1,08.30 AM,0915 AM,Mobile Application Development,OL,3,MCA,B,Computer Lab,102,66,64.71,70.59,0.0,Theory,No,No,No,No,Cloudy,12,510,555,38,6,2.0,1,70.59,72.22333333333334,86.34379310344826,80.62411764705882,79.75128301886792,Before Lunch,0
2026-07-22,Wednesday,2,09.15 AM,10.15 AM,Mobile Application Development,OL,3,MCA,A,Computer Lab,103,67,65.05,65.05,0.0,Theory,No,No,No,No,Cloudy,12,555,615,38,6,2.0,2,65.05,69.90333333333334,86.24633333333333,79.55722222222222,79.69473684210526,Before Lunch,0
2026-07-22,Wednesday,2,09.15 AM,10.15 AM,Mobile Application Development,OL,3,MCA,B,Computer Lab,102,66,64.71,64.71,0.0,Theory,No,No,No,No,Cloudy,12,555,615,38,6,2.0,2,64.71,70.26333333333334,85.62266666666666,79.74,79.63988764044943,Before Lunch,0
2026-07-22,Wednesday,3,10.15 AM,11.15 AM,Software Testing & Quality Assurance,DPY,3,MCA,A,Computer Lab,103,75,72.82,68.93,0.0,Theory,No,No,No,No,Cloudy,10,615,675,38,6,2.0,3,68.93,72.81333333333333,82.73142857142857,80.41916666666667,79.58417910447761,Before Lunch,0
2026-07-22,Wednesday,3,10.15 AM,11.15 AM,Software Testing & Quality Assurance,DPY,3,MCA,B,Computer Lab,102,67,65.69,71.57,0.0,Theory,No,No,No,No,Cloudy,10,615,675,38,6,2.0,3,71.57,73.52999999999999,84.24428571428572,82.19,79.55903345724907,Before Lunch,0
2026-07-22,Wednesday,4,11.15 AM,12.15 PM,Principles of Cloud Management & Security,SDM,3,MCA,A,Computer Lab,103,77,74.76,75.73,0.0,Theory,No,No,No,No,Cloudy,7,675,735,38,6,2.0,4,75.73,77.67,86.85000000000001,83.37375,79.50766666666667,Before Lunch,0
2026-07-22,Wednesday,4,11.15 AM,12.15 PM,Principles of Cloud Management & Security,SDM,3,MCA,B,Computer Lab,102,68,66.67,74.51,0.0,Theory,No,No,No,No,Cloudy,7,675,735,38,6,2.0,4,74.51,77.77666666666666,86.72,83.8225,79.49014760147602,Before Lunch,0
2026-07-22,Wednesday,5,01.30 PM,03.30 PM,Innovation & Entrepreneurship Development,SA,3,MCA,A,Computer Lab,103,64,62.14,67.96,1.25,Theory,No,No,No,No,Cloudy,5,810,930,38,6,2.0,5,67.96,71.19666666666666,81.12222222222222,75.72833333333334,79.44301470588235,After Lunch,0
2026-07-22,Wednesday,5,01.30 PM,02.30 PM,Innovation & Entrepreneurship Development,SA,3,MCA,B,Computer Lab,102,62,60.78,65.69,1.25,Theory,No,No,No,No,Cloudy,5,810,870,38,6,2.0,5,65.69,68.95666666666666,75.545,69.3625,79.3796336996337,After Lunch,0
2026-07-22,Wednesday,6,02.30 PM,03.30 PM,Innovation & Entrepreneurship Development,SA,3,MCA,A,Computer Lab,103,64,62.14,62.14,0.0,Theory,No,No,No,No,Cloudy,5,870,930,38,6,2.0,6,62.14,66.02,80.12315789473683,74.68307692307692,79.3117518248175,After Lunch,0
2026-07-22,Wednesday,6,02.30 PM,03.30 PM,Innovation & Entrepreneurship Development,SA,3,MCA,B,Computer Lab,102,62,60.78,60.78,0.0,Theory,No,No,No,No,Cloudy,5,870,930,38,6,2.0,6,60.78,64.05333333333333,74.7678947368421,68.7023076923077,79.2493090909091,After Lunch,0
2026-07-23,Thursday,1,08.30 AM,09.15 AM,Mobile Application Development,OL,3,MCA,A,Computer Lab,103,70,67.96,65.05,0.0,Theory,No,No,No,No,Sunny,12,510,555,39,6,3.0,1,65.05,67.64,85.56258064516129,78.79368421052631,79.18239130434783,Before Lunch,0
2026-07-23,Thursday,1,08.30 AM,09.15 AM,Mobile Application Development,OL,3,MCA,B,Computer Lab,102,68,66.67,64.71,0.0,Theory,No,No,No,No,Sunny,12,510,555,39,6,3.0,1,64.71,66.67,84.94806451612902,78.94894736842105,79.14187725631768,Before Lunch,0
2026-07-23,Thursday,2,09.15 AM,10.00 AM,Mobile Application Development,OL,3,MCA,A,Computer Lab,103,70,67.96,67.96,0.0,Theory,No,No,No,No,Sunny,12,555,600,39,6,3.0,2,67.96,66.02,85.0125,78.252,79.09701438848921,Before Lunch,0
2026-07-23,Thursday,2,09.15 AM,10.00 AM,Mobile Application Development,OL,3,MCA,B,Computer Lab,102,68,66.67,66.67,0.0,Theory,No,No,No,No,Sunny,12,555,600,39,6,3.0,2,66.67,65.36333333333333,84.376875,78.33500000000001,79.05709677419355,Before Lunch,0
2026-07-23,Thursday,3,10.00 AM,11.00 AM,Talenlio Guest Session,GUEST_EXT,3,MCA,A,Seminar Hall,103,89,86.41,,0.0,Practical,No,No,No,No,Sunny,15,600,660,39,6,3.0,3,,,,,79.01285714285714,Before Lunch,0
2026-07-23,Thursday,3,10.00 AM,11.00 AM,Talenlio Guest Session,GUEST_EXT,3,MCA,B,Seminar Hall,102,87,85.29,,0.0,Practical,No,No,No,No,Sunny,15,600,660,39,6,3.0,3,,,,,79.03918149466192,Before Lunch,0
2026-07-23,Thursday,4,11.00 AM,12.00 PM,Talenlio Guest Session,GUEST_EXT,3,MCA,A,Seminar Hall,103,89,86.41,86.41,0.0,Practical,No,No,No,No,Sunny,15,660,720,39,6,3.0,4,86.41,86.41,86.41,86.41,79.0613475177305,Before Lunch,0
2026-07-23,Thursday,4,11.00 AM,12.00 PM,Talenlio Guest Session,GUEST_EXT,3,MCA,B,Seminar Hall,102,87,85.29,85.29,0.0,Practical,No,No,No,No,Sunny,15,660,720,39,6,3.0,4,85.29,85.29,85.29,85.29,79.08731448763251,Before Lunch,0
2026-07-23,Thursday,5,01.30 PM,02.30 PM,STQA Practical,"DPY, AAB",3,MCA,A,Computer Lab,103,65,63.11,66.02,1.5,Practical,No,No,No,No,Sunny,11,810,870,39,6,3.0,5,66.02,66.34333333333332,77.66999999999999,68.61,79.10915492957747,After Lunch,0
2026-07-23,Thursday,5,01.30 PM,02.30 PM,STQA Practical,"DPY, AAB",3,MCA,B,Computer Lab,102,63,61.76,63.73,1.5,Practical,No,No,No,No,Sunny,11,810,870,39,6,3.0,5,63.73,63.73,77.05999999999999,67.64999999999999,79.05301754385965,After Lunch,0
2026-07-23,Thursday,6,02.30 PM,03.30 PM,STQA Practical,"DPY, AAB",3,MCA,A,Computer Lab,103,65,63.11,63.11,0.0,Practical,No,No,No,No,Sunny,11,870,930,39,6,3.0,6,63.11,65.05,76.34636363636363,67.82428571428571,78.99255244755244,After Lunch,0
2026-07-23,Thursday,6,02.30 PM,03.30 PM,STQA Practical,"DPY, AAB",3,MCA,B,Computer Lab,102,63,61.76,61.76,0.0,Practical,No,No,No,No,Sunny,11,870,930,39,6,3.0,6,61.76,63.07333333333333,75.66909090909091,66.80857142857143,78.93721254355401,After Lunch,0
2026-07-24,Friday,1,08.30 AM,09.15 AM,Mobile Application Development,OL,3,MCA,A,Computer Lab,103,68,66.02,67.96,0.0,Theory,No,No,No,No,Rainy,12,510,555,40,6,4.0,1,67.96,66.99,84.49575757575758,77.76190476190476,78.87756944444445,Before Lunch,0
2026-07-24,Friday,1,08.30 AM,09.15 AM,Mobile Application Development,OL,3,MCA,B,Computer Lab,102,64,62.75,66.67,0.0,Theory,No,No,No,No,Rainy,12,510,555,40,6,4.0,1,66.67,66.01666666666667,83.84030303030303,77.77952380952381,78.83307958477508,Before Lunch,0
2026-07-24,Friday,2,09.15 AM,10.15 AM,Mobile Application Development,OL,3,MCA,A,Computer Lab,103,68,66.02,66.02,0.0,Theory,No,No,No,No,Rainy,12,555,615,40,6,4.0,2,66.02,67.31333333333332,83.95235294117647,77.22818181818182,78.77762068965517,Before Lunch,0
2026-07-24,Friday,2,09.15 AM,10.15 AM,Mobile Application Development,OL,3,MCA,B,Computer Lab,102,64,62.75,62.75,0.0,Theory,No,No,No,No,Rainy,12,555,615,40,6,4.0,2,62.75,65.36333333333334,83.22,77.09636363636363,78.73378006872852,Before Lunch,0
2026-07-24,Friday,3,10.15 AM,11.15 AM,Data Science & Machine Learning,MLK,3,MCA,A,Computer Lab,103,72,69.9,76.7,0.0,Theory,No,No,No,No,Rainy,9,615,675,40,6,4.0,3,76.7,77.02333333333333,85.7909090909091,81.79625,78.67904109589041,Before Lunch,0
2026-07-24,Friday,3,10.15 AM,11.15 AM,Data Science & Machine Learning,MLK,3,MCA,B,Computer Lab,102,71,69.61,73.53,0.0,Theory,No,No,No,No,Rainy,9,615,675,40,6,4.0,3,73.53,77.45,86.45272727272727,83.0875,78.64907849829352,Before Lunch,0
2026-07-24,Friday,4,11.15 AM,12.15 PM,Principles of Cloud Management & Security,SDM,3,MCA,A,Computer Lab,103,75,72.82,74.76,0.0,Theory,No,No,No,No,Rainy,7,675,735,40,6,4.0,4,74.76,76.7,85.84250000000002,82.41666666666667,78.61833333333334,Before Lunch,0
2026-07-24,Friday,4,11.15 AM,12.15 PM,Principles of Cloud Management & Security,SDM,3,MCA,B,Computer Lab,102,75,73.53,66.67,0.0,Theory,No,No,No,No,Rainy,7,675,735,40,6,4.0,4,66.67,72.87666666666667,85.04916666666666,81.91666666666667,78.5986779661017,Before Lunch,0
2026-07-24,Friday,5,01.30 PM,02.30 PM,Software Testing & Quality Assurance,AAB,3,MCA,A,Computer Lab,103,70,67.96,72.82,1.25,Theory,No,No,No,No,Rainy,6,810,870,40,6,4.0,5,72.82,70.22666666666667,82.07066666666667,79.83461538461538,78.58155405405405,After Lunch,0
2026-07-24,Friday,5,01.30 PM,02.30 PM,Software Testing & Quality Assurance,AAB,3,MCA,B,Computer Lab,102,66,64.71,65.69,1.25,Theory,No,No,No,No,Rainy,6,810,870,40,6,4.0,5,65.69,69.61,83.00733333333332,80.92076923076924,78.54579124579124,After Lunch,0
2026-07-24,Friday,6,02.30 PM,03.30 PM,Software Testing & Quality Assurance,AAB,3,MCA,A,Computer Lab,103,70,67.96,67.96,0.0,Theory,No,No,No,No,Rainy,6,870,930,40,6,4.0,6,67.96,69.90333333333332,81.18875,78.98642857142856,78.49936241610739,After Lunch,0
2026-07-24,Friday,6,02.30 PM,03.30 PM,Software Testing & Quality Assurance,AAB,3,MCA,B,Computer Lab,102,66,64.71,64.71,0.0,Theory,No,No,No,No,Rainy,6,870,930,40,6,4.0,6,64.71,67.32333333333334,81.86375,79.76285714285714,78.46411371237458,After Lunch,0
2026-07-27,Monday,1,09.00 AM,10.00 AM,Innovation & Entrepreneurship Development,SA,3,MCA,A,Seminar Hall,103,67,65.05,62.14,0.0,Theory,No,No,Yes,No,Rainy,5,540,600,43,7,7.0,1,62.14,64.08,79.224,73.78714285714285,78.41826666666667,Before Lunch,0
2026-07-27,Monday,1,09.00 AM,10.00 AM,Innovation & Entrepreneurship Development,SA,3,MCA,B,Seminar Hall,102,69,67.65,60.78,0.0,Theory,No,No,Yes,No,Rainy,5,540,600,43,7,7.0,1,60.78,62.416666666666664,74.0685,68.13642857142857,78.373853820598,Before Lunch,0
2026-07-27,Monday,2,10.00 AM,11.00 AM,Innovation & Entrepreneurship Development,SA,3,MCA,A,Seminar Hall,103,67,65.05,65.05,0.0,Theory,No,No,Yes,No,Rainy,5,600,660,43,7,0.0,2,65.05,63.10999999999999,78.54904761904761,73.20466666666667,78.33834437086092,Before Lunch,0
2026-07-27,Monday,2,10.00 AM,11.00 AM,Innovation & Entrepreneurship Development,SA,3,MCA,B,Seminar Hall,102,69,67.65,67.65,0.0,Theory,No,No,Yes,No,Rainy,5,600,660,43,7,0.0,2,67.65,63.07,73.76285714285714,68.104,78.29448844884489,Before Lunch,0
2026-07-27,Monday,3,11.00 AM,12.15 PM,Data Science & Machine Learning,SP,3,MCA,A,Computer Lab,103,69,66.99,69.9,0.0,Theory,No,No,Yes,No,Rainy,4,660,735,43,7,0.0,3,69.9,74.43333333333334,84.46666666666667,80.47444444444444,78.25947368421053,Before Lunch,0
2026-07-27,Monday,3,11.00 AM,12.15 PM,Data Science & Machine Learning,SP,3,MCA,B,Computer Lab,102,72,70.59,69.61,0.0,Theory,No,No,Yes,No,Rainy,4,660,735,43,7,0.0,3,69.61,72.87666666666667,85.04916666666666,81.58999999999999,78.22252459016393,Before Lunch,0
2026-07-27,Monday,4,01.30 PM,02.30 PM,Selenium Hands-on,KP,3,MCA,A,Computer Lab,103,92,89.32,,1.25,Practical,No,No,Yes,No,Rainy,6,810,870,43,7,0.0,4,,,,,78.1975816993464,After Lunch,0
2026-07-27,Monday,4,01.30 PM,02.30 PM,Selenium Hands-on,KP,3,MCA,B,Computer Lab,102,95,93.14,,1.25,Practical,No,No,Yes,No,Rainy,6,810,870,43,7,0.0,4,,,,,78.23381107491856,After Lunch,0
2026-07-27,Monday,5,02.30 PM,03.30 PM,Selenium Hands-on,KP,3,MCA,A,Computer Lab,103,92,89.32,89.32,0.0,Practical,No,No,Yes,No,Rainy,6,870,930,43,7,0.0,5,89.32,89.32,89.32,89.32,78.28220779220779,After Lunch,0
2026-07-27,Monday,5,02.30 PM,03.30 PM,Selenium Hands-on,KP,3,MCA,B,Computer Lab,102,95,93.14,93.14,0.0,Practical,No,No,Yes,No,Rainy,6,870,930,43,7,0.0,5,93.14,93.14,93.14,93.14,78.31792880258901,After Lunch,0
2026-07-27,Monday,6,03.30 PM,04.30 PM,Selenium Hands-on,KP,3,MCA,A,Computer Lab,103,92,89.32,89.32,0.0,Practical,No,No,Yes,No,Rainy,6,930,990,43,7,0.0,6,89.32,89.32,89.32,89.32,78.36574193548387,After Lunch,0
2026-07-27,Monday,6,03.30 PM,04.30 PM,Selenium Hands-on,KP,3,MCA,B,Computer Lab,102,95,93.14,93.14,0.0,Practical,No,No,Yes,No,Rainy,6,930,990,43,7,0.0,6,93.14,93.14,93.14,93.14,78.40096463022508,After Lunch,0
2026-07-28,Tuesday,1,08.00 AM,09.00 AM,Mobile Application Development,OL,3,MCA,A,Computer Lab,103,71,68.93,66.02,0.0,Theory,No,No,No,No,Cloudy,12,480,540,44,7,1.0,1,66.02,66.66666666666667,83.44,76.7408695652174,78.44820512820513,Before Lunch,0
2026-07-28,Tuesday,1,08.00 AM,09.00 AM,Mobile Application Development,OL,3,MCA,B,Computer Lab,102,70,68.63,62.75,0.0,Theory,No,No,No,No,Cloudy,12,480,540,44,7,1.0,1,62.75,64.05666666666667,82.63514285714285,76.47260869565217,78.41779552715656,Before Lunch,0
2026-07-28,Tuesday,2,09.00 AM,10.00 AM,Selenium Hands-on,KP,3,MCA,A,Computer Lab,103,98,95.15,89.32,0.0,Practical,No,No,No,No,Cloudy,6,540,600,44,7,1.0,2,89.32,89.32,89.32,89.32,78.38662420382165,Before Lunch,0
2026-07-28,Tuesday,2,09.00 AM,10.00 AM,Selenium Hands-on,KP,3,MCA,B,Computer Lab,102,96,94.12,93.14,0.0,Practical,No,No,No,No,Cloudy,6,540,600,44,7,1.0,2,93.14,93.14,93.14,93.14,78.43984126984127,Before Lunch,0
2026-07-28,Tuesday,3,10.00 AM,11.30 AM,Selenium Hands-on,KP,3,MCA,A,Computer Lab,103,98,95.15,95.15,0.0,Practical,No,No,No,No,Cloudy,6,600,690,44,7,1.0,3,95.15,91.26333333333332,90.7775,90.7775,78.48946202531646,Before Lunch,0
2026-07-28,Tuesday,3,10.00 AM,11.30 AM,Selenium Hands-on,KP,3,MCA,B,Computer Lab,102,96,94.12,94.12,0.0,Practical,No,No,No,No,Cloudy,6,600,690,44,7,1.0,3,94.12,93.46666666666668,93.385,93.385,78.5420189274448,Before Lunch,0
2026-07-28,Tuesday,4,11.30 AM,12.30 PM,Data Science & Machine Learning,SP,3,MCA,A,Computer Lab,103,90,87.38,66.99,0.0,Theory,No,No,No,No,Cloudy,4,690,750,44,7,1.0,4,66.99,71.19666666666667,83.12230769230769,79.126,78.59100628930817,Before Lunch,0
2026-07-28,Tuesday,4,11.30 AM,12.30 PM,Data Science & Machine Learning,SP,3,MCA,B,Computer Lab,102,92,90.2,70.59,0.0,Theory,No,No,No,No,Cloudy,4,690,750,44,7,1.0,4,70.59,71.24333333333334,83.93692307692308,80.49,78.6185579937304,Before Lunch,0
2026-07-28,Tuesday,5,01.30 PM,02.30 PM,Data Science & Machine Learning,SP,3,MCA,A,Computer Lab,103,84,81.55,87.38,1.0,Theory,No,No,No,No,Cloudy,4,810,870,44,7,1.0,5,87.38,74.75666666666666,83.42642857142857,79.87636363636364,78.65475,After Lunch,0
2026-07-28,Tuesday,5,01.30 PM,02.30 PM,Data Science & Machine Learning,SP,3,MCA,B,Computer Lab,102,80,78.43,90.2,1.0,Theory,No,No,No,No,Cloudy,4,810,870,44,7,1.0,5,90.2,76.8,84.38428571428572,81.37272727272727,78.66376947040499,After Lunch,0
2026-07-28,Tuesday,6,02.30 PM,03.30 PM,Data Science & Machine Learning,SP,3,MCA,A,Computer Lab,103,84,81.55,81.55,0.0,Theory,No,No,No,No,Cloudy,4,870,930,44,7,1.0,6,81.55,78.64,83.30133333333333,80.01583333333333,78.66304347826087,After Lunch,0
2026-07-28,Tuesday,6,02.30 PM,03.30 PM,Data Science & Machine Learning,SP,3,MCA,B,Computer Lab,102,80,78.43,78.43,0.0,Theory,No,No,No,No,Cloudy,4,870,930,44,7,1.0,6,78.43,79.74000000000001,83.98733333333332,81.1275,78.6719814241486,After Lunch,0
2026-07-29,Wednesday,1,08.00 AM,09.00 AM,Mobile Application Development,OL,3,MCA,A,Computer Lab,103,73,70.87,68.93,0.0,Theory,No,No,No,No,Sunny,12,480,540,45,7,2.0,1,68.93,66.99000000000001,83.03694444444444,76.41541666666667,78.67123456790124,Before Lunch,0
2026-07-29,Wednesday,1,08.00 AM,09.00 AM,Mobile Application Development,OL,3,MCA,B,Computer Lab,102,75,73.53,68.63,0.0,Theory,No,No,No,No,Sunny,12,480,540,45,7,2.0,1,68.63,64.71,82.24611111111112,76.14583333333333,78.64723076923076,Before Lunch,0
2026-07-29,Wednesday,2,09.00 AM,10.00 AM,Selenium Hands-on,KP,3,MCA,A,Computer Lab,103,100,97.09,95.15,0.0,Practical,No,No,No,No,Sunny,6,540,600,45,7,2.0,2,95.15,93.20666666666666,91.652,91.652,78.63153374233129,Before Lunch,0
2026-07-29,Wednesday,2,09.00 AM,10.00 AM,Selenium Hands-on,KP,3,MCA,B,Computer Lab,102,101,99.02,94.12,0.0,Practical,No,No,No,No,Sunny,6,540,600,45,7,2.0,2,94.12,93.79333333333334,93.53200000000001,93.53200000000001,78.68798165137615,Before Lunch,0
2026-07-29,Wednesday,3,10.00 AM,11.30 AM,Selenium Hands-on,KP,3,MCA,A,Computer Lab,103,100,97.09,97.09,0.0,Practical,No,No,No,No,Sunny,6,600,690,45,7,2.0,3,97.09,95.79666666666667,92.55833333333334,92.55833333333334,78.74996951219512,Before Lunch,0
2026-07-29,Wednesday,3,10.00 AM,11.30 AM,Selenium Hands-on,KP,3,MCA,B,Computer Lab,102,101,99.02,99.02,0.0,Practical,No,No,No,No,Sunny,6,600,690,45,7,2.0,3,99.02,95.75333333333333,94.44666666666667,94.44666666666667,78.80571428571429,Before Lunch,0
2026-07-29,Wednesday,4,11.30 AM,12.30 PM,Data Science & Machine Learning,MLK,3,MCA,A,Computer Lab,103,97,94.17,81.55,0.0,Theory,No,No,No,No,Sunny,9,690,750,45,7,2.0,4,81.55,83.49333333333333,83.191875,80.13384615384615,78.86696969696969,Before Lunch,0
2026-07-29,Wednesday,4,11.30 AM,12.30 PM,Data Science & Machine Learning,MLK,3,MCA,B,Computer Lab,102,99,97.06,78.43,0.0,Theory,No,No,No,No,Sunny,9,690,750,45,7,2.0,4,78.43,82.35333333333334,83.64,80.92,78.91320241691842,Before Lunch,0
2026-07-29,Wednesday,5,01.30 PM,02.30 PM,Innovation & Entrepreneurship Development,SA,3,MCA,A,Seminar Hall,103,83,80.58,65.05,1.0,Theory,No,No,No,No,Sunny,5,810,870,45,7,2.0,5,65.05,64.08,77.93545454545455,72.695,78.96786144578314,After Lunch,0
2026-07-29,Wednesday,5,01.30 PM,02.30 PM,Innovation & Entrepreneurship Development,SA,3,MCA,B,Seminar Hall,102,85,83.33,67.65,1.0,Theory,No,No,No,No,Sunny,5,810,870,45,7,2.0,5,67.65,65.36,73.485,68.075625,78.9727027027027,After Lunch,0
2026-07-29,Wednesday,6,02.30 PM,03.30 PM,Innovation & Entrepreneurship Development,SA,3,MCA,A,Seminar Hall,103,83,80.58,80.58,0.0,Theory,No,No,No,No,Sunny,5,870,930,45,7,2.0,6,80.58,70.22666666666667,78.0504347826087,73.15882352941176,78.98574850299401,After Lunch,0
2026-07-29,Wednesday,6,02.30 PM,03.30 PM,Innovation & Entrepreneurship Development,SA,3,MCA,B,Seminar Hall,102,85,83.33,83.33,0.0,Theory,No,No,No,No,Sunny,5,870,930,45,7,2.0,6,83.33,72.87666666666667,73.91304347826087,68.97294117647058,78.99050746268657,After Lunch,0
2026-07-29,Wednesday,7,03.30 PM,04.30 PM,Innovation & Entrepreneurship Development,SA,3,MCA,A,Seminar Hall,103,83,80.58,80.58,0.0,Theory,No,No,No,No,Sunny,5,930,990,45,7,2.0,7,80.58,75.40333333333332,78.15583333333333,73.57111111111111,79.00342261904763,After Lunch,0
2026-07-29,Wednesday,7,03.30 PM,04.30 PM,Innovation & Entrepreneurship Development,SA,3,MCA,B,Seminar Hall,102,85,83.33,83.33,0.0,Theory,No,No,No,No,Sunny,5,930,990,45,7,2.0,7,83.33,78.10333333333334,74.30541666666666,69.77055555555555,79.00810089020771,After Lunch,0
2026-07-30,Thursday,1,08.00 AM,09.00 AM,Mobile Application Development,OL,3,MCA,A,Computer Lab,103,74,71.84,70.87,0.0,Theory,No,No,No,No,Rainy,12,480,540,46,7,3.0,1,70.87,68.60666666666667,82.70810810810812,76.1936,79.0208875739645,Before Lunch,0
2026-07-30,Thursday,1,08.00 AM,09.00 AM,Mobile Application Development,OL,3,MCA,B,Computer Lab,102,70,68.63,73.53,0.0,Theory,No,No,No,No,Rainy,12,480,540,46,7,3.0,1,73.53,68.30333333333333,82.01054054054053,76.0412,78.99970501474927,Before Lunch,0
2026-07-30,Thursday,2,09.00 AM,10.00 AM,Selenium Hands-on,KP,3,MCA,A,Computer Lab,103,98,95.15,97.09,0.0,Practical,No,No,No,No,Rainy,6,540,600,46,7,3.0,2,97.09,96.44333333333334,93.2057142857143,93.2057142857143,78.96920588235294,Before Lunch,0
2026-07-30,Thursday,2,09.00 AM,10.00 AM,Selenium Hands-on,KP,3,MCA,B,Computer Lab,102,96,94.12,99.02,0.0,Practical,No,No,No,No,Rainy,6,540,600,46,7,3.0,2,99.02,97.38666666666667,95.10000000000001,95.10000000000001,79.0166568914956,Before Lunch,0
2026-07-30,Thursday,3,10.00 AM,11.30 AM,Selenium Hands-on,KP,3,MCA,A,Computer Lab,103,98,95.15,95.15,0.0,Practical,No,No,No,No,Rainy,6,600,690,46,7,3.0,3,95.15,96.44333333333334,93.44875,93.44875,79.06081871345029,Before Lunch,0
2026-07-30,Thursday,3,10.00 AM,11.30 AM,Selenium Hands-on,KP,3,MCA,B,Computer Lab,102,96,94.12,94.12,0.0,Practical,No,No,No,No,Rainy,6,600,690,46,7,3.0,3,94.12,97.38666666666667,94.9775,94.9775,79.10772594752187,Before Lunch,0
2026-07-30,Thursday,4,11.30 AM,12.30 PM,Data Science & Machine Learning,MLK,3,MCA,A,Computer Lab,103,92,89.32,94.17,0.0,Theory,No,No,No,No,Rainy,9,690,750,46,7,3.0,4,94.17,85.75666666666666,83.83764705882353,81.13642857142858,79.15136627906976,Before Lunch,0
2026-07-30,Thursday,4,11.30 AM,12.30 PM,Data Science & Machine Learning,MLK,3,MCA,B,Computer Lab,102,94,92.16,97.06,0.0,Theory,No,No,No,No,Rainy,9,690,750,46,7,3.0,4,97.06,84.64,84.42941176470588,82.07285714285715,79.18084057971015,Before Lunch,0
2026-07-30,Thursday,5,01.30 PM,02.30 PM,Innovation & Entrepreneurship Development,SA,3,MCA,A,Seminar Hall,103,82,79.61,80.58,1.0,Theory,No,No,No,No,Rainy,5,810,870,46,7,3.0,5,80.58,80.58,78.2528,73.94,79.21835260115607,After Lunch,0
2026-07-30,Thursday,5,01.30 PM,02.30 PM,Innovation & Entrepreneurship Development,SA,3,MCA,B,Seminar Hall,102,80,78.43,83.33,1.0,Theory,No,No,No,No,Rainy,5,810,870,46,7,3.0,5,83.33,83.33,74.6664,70.48421052631579,79.21948126801152,After Lunch,0
2026-07-30,Thursday,6,02.30 PM,03.30 PM,Innovation & Entrepreneurship Development,SA,3,MCA,A,Seminar Hall,103,82,79.61,79.61,0.0,Theory,No,No,No,No,Rainy,5,870,930,46,7,3.0,6,79.61,80.25666666666666,78.305,74.2235,79.21721264367817,After Lunch,0
2026-07-30,Thursday,6,02.30 PM,03.30 PM,Innovation & Entrepreneurship Development,SA,3,MCA,B,Seminar Hall,102,80,78.43,78.43,0.0,Theory,No,No,No,No,Rainy,5,870,930,46,7,3.0,6,78.43,81.69666666666667,74.81115384615384,70.8815,79.21833810888252,After Lunch,0
2026-07-30,Thursday,7,03.30 PM,04.30 PM,Innovation & Entrepreneurship Development,SA,3,MCA,A,Seminar Hall,103,82,79.61,79.61,0.0,Theory,No,No,No,No,Rainy,5,930,990,46,7,3.0,7,79.61,79.93333333333334,78.35333333333334,74.47999999999999,79.21608571428571,After Lunch,0
2026-07-30,Thursday,7,03.30 PM,04.30 PM,Innovation & Entrepreneurship Development,SA,3,MCA,B,Seminar Hall,102,80,78.43,78.43,0.0,Theory,No,No,No,No,Rainy,5,930,990,46,7,3.0,7,78.43,80.06333333333333,74.94518518518518,71.24095238095238,79.21720797720798,After Lunch,0
2026-07-31,Friday,1,09.00 AM,10.00 AM,Selenium Hands-on,KP,3,MCA,A,Computer Lab,103,100,97.09,95.15,0.0,Practical,No,No,No,No,Cloudy,6,540,600,47,7,4.0,1,95.15,95.79666666666667,93.63777777777779,93.63777777777779,79.21497159090909,Before Lunch,0
2026-07-31,Friday,1,09.00 AM,10.00 AM,Selenium Hands-on,KP,3,MCA,B,Computer Lab,102,98,96.08,94.12,0.0,Practical,No,No,No,No,Cloudy,6,540,600,47,7,4.0,1,94.12,95.75333333333333,94.88222222222223,94.88222222222223,79.2656090651558,Before Lunch,0
2026-07-31,Friday,2,10.00 AM,11.30 AM,Selenium Hands-on,KP,3,MCA,A,Computer Lab,103,100,97.09,97.09,0.0,Practical,No,No,No,No,Cloudy,6,600,690,47,7,4.0,2,97.09,95.79666666666667,93.983,93.983,79.31310734463277,Before Lunch,0
2026-07-31,Friday,2,10.00 AM,11.30 AM,Selenium Hands-on,KP,3,MCA,B,Computer Lab,102,98,96.08,96.08,0.0,Practical,No,No,No,No,Cloudy,6,600,690,47,7,4.0,2,96.08,94.77333333333335,95.002,95.002,79.36318309859155,Before Lunch,0
2026-07-31,Friday,3,11.30 AM,12.30 PM,Data Science & Machine Learning,MLK,3,MCA,A,Computer Lab,103,98,95.15,89.32,0.0,Theory,No,No,No,No,Cloudy,9,690,750,47,7,4.0,3,89.32,88.34666666666665,84.14222222222222,81.682,79.4101404494382,Before Lunch,0
2026-07-31,Friday,3,11.30 AM,12.30 PM,Data Science & Machine Learning,MLK,3,MCA,B,Computer Lab,102,94,92.16,92.16,0.0,Theory,No,No,No,No,Cloudy,9,690,750,47,7,4.0,3,92.16,89.21666666666665,84.85888888888888,82.74533333333333,79.45422969187675,Before Lunch,0
2026-07-31,Friday,4,01.30 PM,02.30 PM,DS & ML Practical,"MLK, SP",3,MCA,A,Computer Lab,103,72,69.9,74.76,1.0,Practical,No,No,No,No,Cloudy,10,810,870,47,7,4.0,4,74.76,77.02333333333333,85.1925,78.155,79.48972067039107,After Lunch,0
2026-07-31,Friday,4,01.30 PM,02.30 PM,DS & ML Practical,"MLK, SP",3,MCA,B,Computer Lab,102,68,66.67,78.43,1.0,Practical,No,No,No,No,Cloudy,10,810,870,47,7,4.0,4,78.43,78.43,84.0675,78.43,79.46300835654597,After Lunch,0
2026-07-31,Friday,5,02.30 PM,03.30 PM,DS & ML Practical,"MLK, SP",3,MCA,A,Computer Lab,103,72,69.9,69.9,0.0,Practical,No,No,No,No,Cloudy,10,870,930,47,7,4.0,5,69.9,73.14,83.49333333333334,76.50399999999999,79.42747222222222,After Lunch,0
2026-07-31,Friday,5,02.30 PM,03.30 PM,DS & ML Practical,"MLK, SP",3,MCA,B,Computer Lab,102,68,66.67,66.67,0.0,Practical,No,No,No,No,Cloudy,10,870,930,47,7,4.0,5,66.67,74.51,82.13444444444445,76.078,79.40108033240998,After Lunch,0
2026-08-01,Saturday,1,10.00 AM,11.30 AM,Project Meeting,Project Guides,3,MCA,A,Computer Lab,103,16,15.53,98.06,0.0,Practical,No,No,Yes,No,Cloudy,14,600,690,48,7,5.0,1,98.06,98.06,98.06,,79.36591160220995,Before Lunch,0
2026-08-01,Saturday,1,10.00 AM,11.30 AM,Project Meeting,Project Guides,3,MCA,B,Computer Lab,102,10,9.8,98.04,0.0,Practical,No,No,Yes,No,Cloudy,14,600,690,48,7,5.0,1,98.04,98.04,98.04,,79.19005509641873,Before Lunch,0
2026-08-01,Saturday,2,11.30 AM,12.30 AM,Project Meeting,Project Guides,3,MCA,A,Computer Lab,103,16,15.53,15.53,0.0,Practical,No,No,Yes,No,Cloudy,14,690,30,48,7,0.0,2,15.53,56.795,56.795,15.53,78.99942307692308,Before Lunch,0
2026-08-01,Saturday,2,11.30 AM,12.30 PM,Project Meeting,Project Guides,3,MCA,B,Computer Lab,102,10,9.8,9.8,0.0,Practical,No,No,Yes,No,Cloudy,14,690,750,48,7,0.0,2,9.8,53.92,53.92,9.8,78.82553424657534,Before Lunch,0
2026-08-01,Saturday,3,01.30 PM,02.30 PM,AWS Training,KN,3,MCA,A,Computer Lab,103,99,96.12,,1.0,Practical,No,No,Yes,No,Cloudy,10,810,870,48,7,0.0,3,,,,,78.63693989071038,After Lunch,0
2026-08-01,Saturday,3,01.30 PM,02.30 PM,AWS Training,KN,3,MCA,B,Computer Lab,102,98,96.08,,1.0,Practical,No,No,Yes,No,Cloudy,10,810,870,48,7,0.0,3,,,,,78.68457765667576,After Lunch,0
2026-08-01,Saturday,4,02.30 PM,03.30 PM,AWS Training,KN,3,MCA,A,Computer Lab,103,99,96.12,96.12,0.0,Practical,No,No,Yes,No,Cloudy,10,870,930,48,7,0.0,4,96.12,96.12,96.12,96.12,78.73184782608696,After Lunch,0
2026-08-01,Saturday,4,02.30 PM,03.30 PM,AWS Training,KN,3,MCA,B,Computer Lab,102,98,96.08,96.08,0.0,Practical,No,No,Yes,No,Cloudy,10,870,930,48,7,0.0,4,96.08,96.08,96.08,96.08,78.7789701897019,After Lunch,0
2026-08-01,Saturday,5,03.30 PM,04.30 PM,AWS Training,KN,3,MCA,A,Computer Lab,103,99,96.12,96.12,0.0,Practical,No,No,Yes,No,Cloudy,10,930,990,48,7,0.0,5,96.12,96.12,96.12,96.12,78.82572972972973,After Lunch,0
2026-08-01,Saturday,5,03.30 PM,04.30 PM,AWS Training,KN,3,MCA,B,Computer Lab,102,98,96.08,96.08,0.0,Practical,No,No,Yes,No,Cloudy,10,930,990,48,7,0.0,5,96.08,96.08,96.08,96.08,78.87234501347709,After Lunch,0
2026-08-03,Monday,1,09.00 AM,10.00 AM,Innovation & Entrepreneurship Development,SA,3,MCA,A,Seminar Hall,103,81,78.64,79.61,0.0,Theory,No,No,Yes,No,Rainy,5,540,600,50,8,2.0,1,79.61,79.61,78.39821428571429,,78.91860215053764,Before Lunch,0
2026-08-03,Monday,1,09.00AM,10.00 AM,Innovation & Entrepreneurship Development,SA,3,MCA,B,Computer Lab,102,83,81.37,78.43,0.0,Theory,No,No,Yes,No,Rainy,5,540,600,50,8,2.0,1,78.43,78.43,75.06964285714285,,78.91785522788204,Before Lunch,0
2026-08-03,Monday,2,10.00 AM,11.00 AM,Innovation & Entrepreneurship Development,SA,3,MCA,A,Seminar Hall,103,81,78.64,78.64,0.0,Theory,No,No,Yes,No,Rainy,5,600,660,50,8,0.0,2,78.64,79.28666666666666,78.40655172413793,78.64,78.92441176470588,Before Lunch,0
2026-08-03,Monday,2,10.00 AM,11.00 AM,Innovation & Entrepreneurship Development,SA,3,MCA,B,Computer Lab,102,83,81.37,81.37,0.0,Theory,No,No,Yes,No,Rainy,5,600,660,50,8,0.0,2,81.37,79.41000000000001,75.28689655172414,81.37,78.92365333333333,Before Lunch,0
2026-08-03,Monday,3,11.00 AM,12.30 PM,Data Science & Machine Learning,MLK,3,MCA,A,Computer Lab,103,82,79.61,95.15,0.0,Theory,No,No,Yes,No,Rainy,9,660,750,50,8,0.0,3,95.15,92.88,84.72157894736843,,78.93015957446809,Before Lunch,0
2026-08-03,Monday,3,11.00 AM,12.30 PM,Data Science & Machine Learning,MLK,3,MCA,B,Computer Lab,102,82,80.39,92.16,0.0,Theory,No,No,Yes,No,Rainy,9,660,750,50,8,0.0,3,92.16,93.79333333333334,85.24315789473684,,78.93196286472148,Before Lunch,0
2026-08-03,Monday,4,01.30 PM,02.30 PM,AWS Training,KP,3,MCA,A,Computer Lab,103,98,95.15,96.12,1.0,Practical,No,No,Yes,No,Rainy,6,810,870,50,8,0.0,4,96.12,96.12,96.12,96.12,78.93582010582011,After Lunch,0
2026-08-03,Monday,4,01.30 PM,02.30 PM,AWS Training,KP,3,MCA,B,Computer Lab,102,95,93.14,96.08,1.0,Practical,No,No,Yes,No,Rainy,6,810,870,50,8,0.0,4,96.08,96.08,96.08,96.08,78.97860158311346,After Lunch,0
2026-08-03,Monday,5,02.30 PM,03.30 PM,AWS Training,KP,3,MCA,A,Computer Lab,103,98,95.15,95.15,0.0,Practical,No,No,Yes,No,Rainy,6,870,930,50,8,0.0,5,95.15,95.79666666666667,95.8775,95.8775,79.01586842105263,After Lunch,0
2026-08-03,Monday,5,02.30 PM,03.30 PM,AWS Training,KP,3,MCA,B,Computer Lab,102,95,93.14,93.14,0.0,Practical,No,No,Yes,No,Rainy,6,870,930,50,8,0.0,5,93.14,95.10000000000001,95.345,95.345,79.05821522309711,After Lunch,0
2026-08-03,Monday,6,03.30 PM,04.30 PM,AWS Training,KP,3,MCA,A,Computer Lab,103,98,95.15,95.15,0.0,Practical,No,No,Yes,No,Rainy,6,930,990,50,8,0.0,6,95.15,95.47333333333334,95.732,95.732,79.09507853403142,After Lunch,0
2026-08-03,Monday,6,03.30 PM,04.30 PM,AWS Training,KP,3,MCA,B,Computer Lab,102,95,93.14,93.14,0.0,Practical,No,No,Yes,No,Rainy,6,930,990,50,8,0.0,6,93.14,94.12,94.904,94.904,79.13699738903395,After Lunch,0
2026-08-04,Tuesday,1,09.00 AM,10.00 AM,Selenium Hands-on,KP,3,MCA,A,Computer Lab,103,97,94.17,97.09,0.0,Practical,No,No,No,No,Cloudy,6,540,600,51,8,1.0,1,97.09,96.44333333333334,94.26545454545455,,79.17346354166666,Before Lunch,0
2026-08-04,Tuesday,1,09.00 AM,10.00 AM,Selenium Hands-on,KP,3,MCA,B,Computer Lab,102,94,92.16,96.08,0.0,Practical,No,No,No,No,Cloudy,6,540,600,51,8,1.0,1,96.08,95.42666666666668,95.1,,79.21241558441558,Before Lunch,0
2026-08-04,Tuesday,2,10.00 AM,11.00 AM,Selenium Hands-on,KP,3,MCA,A,Computer Lab,103,97,94.17,94.17,0.0,Practical,No,No,No,No,Cloudy,6,600,660,51,8,1.0,2,94.17,96.11666666666667,94.2575,94.17,79.24595854922279,Before Lunch,0
2026-08-04,Tuesday,2,10.00 AM,11.00 AM,Selenium Hands-on,KP,3,MCA,B,Computer Lab,102,94,92.16,92.16,0.0,Practical,No,No,No,No,Cloudy,6,600,660,51,8,1.0,2,92.16,94.77333333333333,94.855,92.16,79.28452196382429,Before Lunch,0
2026-08-04,Tuesday,3,11.00 AM,12.30 PM,Selenium Hands-on,KP,3,MCA,A,Computer Lab,103,97,94.17,94.17,0.0,Practical,No,No,No,No,Cloudy,6,660,750,51,8,1.0,3,94.17,95.14333333333333,94.25076923076924,94.17,79.317706185567,Before Lunch,0
2026-08-04,Tuesday,3,11.00 AM,12.30 PM,Selenium Hands-on,KP,3,MCA,B,Computer Lab,102,94,92.16,92.16,0.0,Practical,No,No,No,No,Cloudy,6,660,750,51,8,1.0,3,92.16,93.46666666666665,94.64769230769231,92.16,79.35588688946015,Before Lunch,0
2026-08-04,Tuesday,4,01.30 PM,02.30 PM,AWS Training,KN,3,MCA,A,Computer Lab,103,92,89.32,95.15,1.0,Practical,No,No,No,No,Cloudy,10,810,870,51,8,1.0,4,95.15,95.15,95.635,95.635,79.38871794871794,After Lunch,0
2026-08-04,Tuesday,4,01.30 PM,02.30 PM,AWS Training,KN,3,MCA,B,Computer Lab,102,96,94.12,93.14,1.0,Practical,No,No,No,No,Cloudy,10,810,870,51,8,1.0,4,93.14,93.14,94.61,94.61,79.41411764705882,After Lunch,0
2026-08-04,Tuesday,5,02.30 PM,03.30 PM,AWS Training,KN,3,MCA,A,Computer Lab,103,92,89.32,89.32,0.0,Practical,No,No,No,No,Cloudy,10,870,930,51,8,1.0,5,89.32,93.20666666666666,94.73285714285714,94.73285714285714,79.45163265306122,After Lunch,0
2026-08-04,Tuesday,5,02.30 PM,03.30 PM,AWS Training,KN,3,MCA,B,Computer Lab,102,96,94.12,94.12,0.0,Practical,No,No,No,No,Cloudy,10,870,930,51,8,1.0,5,94.12,93.46666666666665,94.53999999999999,94.53999999999999,79.47674300254454,After Lunch,0
2026-08-04,Tuesday,6,03.30 PM,04.30 PM,AWS Training,KN,3,MCA,A,Computer Lab,103,92,89.32,89.32,0.0,Practical,No,No,No,No,Cloudy,10,930,990,51,8,1.0,6,89.32,91.26333333333332,94.05625,94.05625,79.51390862944163,After Lunch,0
2026-08-04,Tuesday,6,03.30 PM,04.30 PM,AWS Training,KN,3,MCA,B,Computer Lab,102,96,94.12,94.12,0.0,Practical,No,No,No,No,Cloudy,10,930,990,51,8,1.0,6,94.12,93.79333333333334,94.4875,94.4875,79.53873417721519,After Lunch,0
2026-08-05,Wednesday,1,09.00 AM,10.00 AM,Selenium Hands-on,KP,3,MCA,A,Computer Lab,103,93,90.29,94.17,0.0,Practical,Yes,No,No,No,Sunny,6,540,600,52,8,2.0,1,94.17,94.17,94.245,94.17,79.57555555555555,Before Lunch,1
2026-08-05,Wednesday,1,09.00 AM,10.00 AM,Selenium Hands-on,KP,3,MCA,B,Computer Lab,102,94,92.16,92.16,0.0,Practical,Yes,No,No,No,Sunny,6,540,600,52,8,2.0,1,92.16,92.16,94.47,92.16,79.60254408060453,Before Lunch,1
2026-08-05,Wednesday,2,10.00 AM,11.00 AM,Selenium Hands-on,KP,3,MCA,A,Computer Lab,103,93,90.29,90.29,0.0,Practical,Yes,No,No,No,Sunny,6,600,660,52,8,2.0,2,90.29,92.87666666666667,93.98133333333334,93.2,79.63409547738694,Before Lunch,1
2026-08-05,Wednesday,2,10.00 AM,11.00 AM,Selenium Hands-on,KP,3,MCA,B,Computer Lab,102,94,92.16,92.16,0.0,Practical,Yes,No,No,No,Sunny,6,600,660,52,8,2.0,2,92.16,92.16,94.316,92.16,79.66080200501253,Before Lunch,1
2026-08-05,Wednesday,3,11.00 AM,12.30 PM,Selenium Hands-on,KP,3,MCA,A,Computer Lab,103,93,90.29,90.29,0.0,Practical,Yes,No,No,No,Sunny,6,660,750,52,8,2.0,3,90.29,91.58333333333333,93.750625,92.61800000000001,79.69205,Before Lunch,1
2026-08-05,Wednesday,3,11.00 AM,12.30 PM,Selenium Hands-on,KP,3,MCA,B,Computer Lab,102,94,92.16,92.16,0.0,Practical,Yes,No,No,No,Sunny,6,660,750,52,8,2.0,3,92.16,92.16,94.18125,92.16,79.71847880299252,Before Lunch,1
2026-08-05,Wednesday,4,01.30 PM,02.30 PM,Data Science & Machine Learning,SP,3,MCA,A,Computer Lab,103,73,70.87,79.61,1.0,Theory,Yes,No,No,No,Sunny,4,810,870,52,8,2.0,4,79.61,88.02666666666666,84.466,79.61,79.74942786069651,After Lunch,1
2026-08-05,Wednesday,4,01.30 PM,02.30 PM,Data Science & Machine Learning,SP,3,MCA,B,Computer Lab,102,75,73.53,80.39,1.0,Theory,Yes,No,No,No,Sunny,4,810,870,52,8,2.0,4,80.39,88.23666666666666,85.0005,80.39,79.72739454094292,After Lunch,1
2026-08-05,Wednesday,5,02.30 PM,03.30 PM,Data Science & Machine Learning,SP,3,MCA,A,Computer Lab,103,73,70.87,70.87,0.0,Theory,Yes,No,No,No,Sunny,4,870,930,52,8,2.0,5,70.87,81.87666666666667,83.81857142857143,75.24000000000001,79.71205445544554,After Lunch,1
2026-08-05,Wednesday,5,02.30 PM,03.30 PM,Data Science & Machine Learning,SP,3,MCA,B,Computer Lab,102,75,73.53,73.53,0.0,Theory,Yes,No,No,No,Sunny,4,870,930,52,8,2.0,5,73.53,82.02666666666666,84.45428571428572,76.96000000000001,79.69022222222222,After Lunch,1
2026-08-06,Thursday,1,09.15 AM,10.15 AM,MAD Hands-on,SSP,3,MCA,A,Computer Lab,103,88,85.44,,0.0,Practical,Yes,No,No,No,Rainy,8,555,615,53,8,3.0,1,,,,,79.67504926108374,Before Lunch,1
2026-08-06,Thursday,1,09.15 AM,10.15 AM,MAD Hands-on,SSP,3,MCA,B,Computer Lab,102,84,82.35,,0.0,Practical,Yes,No,No,No,Rainy,8,555,615,53,8,3.0,1,,,,,79.68921375921376,Before Lunch,1
2026-08-06,Thursday,2,10.15 AM,11.15 AM,MAD Hands-on,SSP,3,MCA,A,Computer Lab,103,88,85.44,85.44,0.0,Practical,Yes,No,No,No,Rainy,8,615,675,53,8,3.0,2,85.44,85.44,85.44,85.44,79.69573529411765,Before Lunch,1
2026-08-06,Thursday,2,10.15 AM,11.15 AM,MAD Hands-on,SSP,3,MCA,B,Computer Lab,102,84,82.35,82.35,0.0,Practical,Yes,No,No,No,Rainy,8,615,675,53,8,3.0,2,82.35,82.35,82.35,82.35,79.70977995110024,Before Lunch,1
2026-08-06,Thursday,3,11.15 AM,12.15 AM,MAD Hands-on,SSP,3,MCA,A,Computer Lab,103,88,85.44,85.44,0.0,Practical,Yes,No,No,No,Rainy,8,675,15,53,8,3.0,3,85.44,85.44,85.44,85.44,79.71621951219512,Before Lunch,1
2026-08-06,Thursday,3,11.15 AM,12.15 PM,MAD Hands-on,SSP,3,MCA,B,Computer Lab,102,84,82.35,82.35,0.0,Practical,Yes,No,No,No,Rainy,8,675,735,53,8,3.0,3,82.35,82.35,82.35,82.35,79.73014598540145,Before Lunch,1
2026-08-06,Thursday,4,01.30 PM,02.30 PM,AWS Training,KN,3,MCA,A,Computer Lab,103,90,87.38,89.32,1.25,Practical,Yes,No,No,No,Rainy,10,810,870,53,8,3.0,4,89.32,89.32,93.53,93.53,79.73650485436893,After Lunch,1
2026-08-06,Thursday,4,01.30 PM,02.30 PM,AWS Training,KN,3,MCA,B,Computer Lab,102,86,84.31,94.12,1.25,Practical,Yes,No,No,No,Rainy,10,810,870,53,8,3.0,4,94.12,94.12,94.44666666666666,94.44666666666666,79.75501210653754,After Lunch,1
2026-08-06,Thursday,5,02.30 PM,03.30 PM,AWS Training,KN,3,MCA,A,Computer Lab,103,90,87.38,87.38,0.0,Practical,Yes,No,No,No,Rainy,10,870,930,53,8,3.0,5,87.38,88.67333333333333,92.91499999999999,92.91499999999999,79.76601449275361,After Lunch,1
2026-08-06,Thursday,5,02.30 PM,03.30 PM,AWS Training,KN,3,MCA,B,Computer Lab,102,86,84.31,84.31,0.0,Practical,Yes,No,No,No,Rainy,10,870,930,53,8,3.0,5,84.31,90.85000000000001,93.433,93.433,79.78436144578313,After Lunch,1
2026-08-06,Thursday,6,03.30 PM,04.30 PM,AWS Training,KN,3,MCA,A,Computer Lab,103,90,87.38,87.38,0.0,Practical,Yes,No,No,No,Rainy,10,930,990,53,8,3.0,6,87.38,88.02666666666666,92.41181818181818,92.41181818181818,79.79524038461538,After Lunch,1
2026-08-06,Thursday,6,03.30 PM,04.30 PM,AWS Training,KN,3,MCA,B,Computer Lab,102,86,84.31,84.31,0.0,Practical,Yes,No,No,No,Rainy,10,930,990,53,8,3.0,6,84.31,87.58,92.60363636363637,92.60363636363637,79.81342925659472,After Lunch,1
2026-08-07,Friday,1,09.15 AM,10.15 AM,MAD Hands-on,SSP,3,MCA,A,Computer Lab,103,79,76.7,85.44,0.0,Practical,Yes,No,No,No,Cloudy,8,555,615,54,8,4.0,1,85.44,85.44,85.44,85.44,79.82418660287082,Before Lunch,1
2026-08-07,Friday,1,09.15 AM,10.15 AM,MAD Hands-on,SSP,3,MCA,B,Computer Lab,102,75,73.53,82.35,0.0,Practical,Yes,No,No,No,Cloudy,8,555,615,54,8,4.0,1,82.35,82.35,82.35,82.35,79.81673031026253,Before Lunch,1
2026-08-07,Friday,2,10.15 AM,11.15 AM,MAD Hands-on,SSP,3,MCA,A,Computer Lab,103,79,76.7,76.7,0.0,Practical,Yes,No,No,No,Cloudy,8,615,675,54,8,4.0,2,76.7,82.52666666666666,83.255,83.255,79.8017619047619,Before Lunch,1
2026-08-07,Friday,2,10.15 AM,11.15 AM,MAD Hands-on,SSP,3,MCA,B,Computer Lab,102,75,73.53,73.53,0.0,Practical,Yes,No,No,No,Cloudy,8,615,675,54,8,4.0,2,73.53,79.41,80.145,80.145,79.79439429928742,Before Lunch,1
2026-08-07,Friday,3,11.15 AM,12.15PM,MAD Hands-on,SSP,3,MCA,A,Computer Lab,103,79,76.7,76.7,0.0,Practical,Yes,No,No,No,Cloudy,8,675,735,54,8,4.0,3,76.7,79.61333333333333,81.944,81.944,79.77954976303317,Before Lunch,1
2026-08-07,Friday,3,11.15 AM,12.15 PM,MAD Hands-on,SSP,3,MCA,B,Computer Lab,102,75,73.53,73.53,0.0,Practical,Yes,No,No,No,Cloudy,8,675,735,54,8,4.0,3,73.53,76.47,78.822,78.822,79.7722695035461,Before Lunch,1
2026-08-07,Friday,4,01.30 PM,02.30 PM,AWS Training,KN,3,MCA,A,Computer Lab,103,86,83.5,87.38,1.25,Practical,Yes,No,No,No,Cloudy,10,810,870,54,8,4.0,4,87.38,87.38,91.9925,91.9925,79.75754716981132,After Lunch,1
2026-08-07,Friday,4,01.30 PM,02.30 PM,AWS Training,KN,3,MCA,B,Computer Lab,102,83,81.37,84.31,1.25,Practical,Yes,No,No,No,Cloudy,10,810,870,54,8,4.0,4,84.31,84.31,91.91250000000001,91.91250000000001,79.76635294117646,After Lunch,1
2026-08-07,Friday,5,02.30 PM,03.30 PM,AWS Training,KN,3,MCA,A,Computer Lab,103,86,83.5,83.5,0.0,Practical,Yes,No,No,No,Cloudy,10,870,930,54,8,4.0,5,83.5,86.08666666666666,91.33923076923078,91.33923076923078,79.77011737089202,After Lunch,1
2026-08-07,Friday,5,02.30 PM,03.30 PM,AWS Training,KN,3,MCA,B,Computer Lab,102,83,81.37,81.37,0.0,Practical,Yes,No,No,No,Cloudy,10,870,930,54,8,4.0,5,81.37,83.33,91.10153846153845,91.10153846153845,79.77885245901639,After Lunch,1
2026-08-07,Friday,6,03.30 PM,04.30 PM,AWS Training,KN,3,MCA,A,Computer Lab,103,86,83.5,83.5,0.0,Practical,Yes,No,No,No,Cloudy,10,930,990,54,8,4.0,6,83.5,84.79333333333334,90.77928571428572,90.77928571428572,79.78257009345795,After Lunch,1
2026-08-07,Friday,6,03.30 PM,04.30 PM,AWS Training,KN,3,MCA,B,Computer Lab,102,83,81.37,81.37,0.0,Practical,Yes,No,No,No,Cloudy,10,930,990,54,8,4.0,6,81.37,82.35000000000001,90.40642857142858,90.40642857142858,79.79123543123544,After Lunch,1
2026-08-08,Saturday,1,10.00 AM,01.00 PM,Technical Mock Interview,GUEST_EXT,3,MCA,A,Seminar Hall,103,103,100.0,,0.0,Practical,Yes,No,Yes,Yes,Sunny,15,600,780,55,8,5.0,1,,,,,79.79490697674419,Before Lunch,1
2026-08-08,Saturday,1,10.00 AM,01.00 PM,Technical Mock Interview,GUEST_EXT,3,MCA,B,Seminar Hall,102,102,100.0,,0.0,Practical,Yes,No,Yes,Yes,Sunny,15,600,780,55,8,5.0,1,,,,,79.84178654292343,Before Lunch,1
2026-08-08,Saturday,2,01.30 PM,04.30 PM,Technical Mock Interview,GUEST_EXT,3,MCA,A,Seminar Hall,103,103,100.0,100.0,0.5,Practical,Yes,No,Yes,Yes,Sunny,15,810,990,55,8,0.0,2,100.0,100.0,100.0,100.0,79.88844907407407,After Lunch,1
2026-08-08,Saturday,2,01.30 PM,04.30 PM,Technical Mock Interview,GUEST_EXT,3,MCA,B,Seminar Hall,102,102,100.0,100.0,0.5,Practical,Yes,No,Yes,Yes,Sunny,15,810,990,55,8,0.0,2,100.0,100.0,100.0,100.0,79.93489607390299,After Lunch,1
2026-08-10,Monday,1,09.15 AM,10.15 AM,DS & ML Hands-on,"MLK, SP",3,MCA,A,Computer Lab,103,75,72.82,,0.0,Practical,Yes,No,Yes,No,Cloudy,10,555,615,57,9,2.0,1,,,,,79.98112903225805,Before Lunch,1
2026-08-10,Monday,1,09.15 AM,10.15 AM,DS & ML Hands-on,"MLK, SP",3,MCA,B,Computer Lab,102,71,69.61,,0.0,Practical,Yes,No,Yes,No,Cloudy,10,555,615,57,9,2.0,1,,,,,79.96466666666666,Before Lunch,1
2026-08-10,Monday,2,10.15 AM,11.15 AM,DS & ML Hands-on,"MLK, SP",3,MCA,A,Computer Lab,103,75,72.82,72.82,0.0,Practical,Yes,No,Yes,No,Cloudy,10,615,675,57,9,0.0,2,72.82,72.82,72.82,72.82,79.94091743119266,Before Lunch,1
2026-08-10,Monday,2,10.15 AM,11.15 AM,DS & ML Hands-on,"MLK, SP",3,MCA,B,Computer Lab,102,71,69.61,69.61,0.0,Practical,Yes,No,Yes,No,Cloudy,10,615,675,57,9,0.0,2,69.61,69.61,69.61,69.61,79.92462242562928,Before Lunch,1
2026-08-10,Monday,3,11.15 AM,12.15 PM,DS & ML Hands-on,"MLK, SP",3,MCA,A,Computer Lab,103,75,72.82,72.82,0.0,Practical,Yes,No,Yes,No,Cloudy,10,675,735,57,9,0.0,3,72.82,72.82,72.82,72.82,79.90107305936073,Before Lunch,1
2026-08-10,Monday,3,11.15 AM,12.15 PM,DS & ML Hands-on,"MLK, SP",3,MCA,B,Computer Lab,102,71,69.61,69.61,0.0,Practical,Yes,No,Yes,No,Cloudy,10,675,735,57,9,0.0,3,69.61,69.61,69.61,69.61,79.88494305239179,Before Lunch,1
2026-08-10,Monday,4,01.30 PM,02.30 PM,AWS Training,KN,3,MCA,A,Computer Lab,103,83,80.58,83.5,1.25,Practical,Yes,No,Yes,No,Cloudy,10,810,870,57,9,0.0,4,83.5,83.5,90.29400000000001,90.29400000000001,79.8615909090909,After Lunch,1
2026-08-10,Monday,4,01.30 PM,02.30 PM,AWS Training,KN,3,MCA,B,Computer Lab,102,80,78.43,81.37,1.25,Practical,Yes,No,Yes,No,Cloudy,10,810,870,57,9,0.0,4,81.37,81.37,89.804,89.804,79.86321995464853,After Lunch,1
2026-08-10,Monday,5,02.30 PM,03.30 PM,AWS Training,KN,3,MCA,A,Computer Lab,103,83,80.58,80.58,0.0,Practical,Yes,No,Yes,No,Cloudy,10,870,930,57,9,0.0,5,80.58,82.52666666666666,89.686875,89.686875,79.8599773755656,After Lunch,1
2026-08-10,Monday,5,02.30 PM,03.30 PM,AWS Training,KN,3,MCA,B,Computer Lab,102,80,78.43,78.43,0.0,Practical,Yes,No,Yes,No,Cloudy,10,870,930,57,9,0.0,5,78.43,80.39,89.093125,89.093125,79.86160270880362,After Lunch,1
2026-08-10,Monday,6,03.30 PM,04.30 PM,AWS Training,KN,3,MCA,A,Computer Lab,103,83,80.58,80.58,0.0,Practical,Yes,No,Yes,No,Cloudy,10,930,990,57,9,0.0,6,80.58,81.55333333333333,89.15117647058823,89.15117647058823,79.85837837837839,After Lunch,1
2026-08-10,Monday,6,03.30 PM,04.30 PM,AWS Training,KN,3,MCA,B,Computer Lab,102,80,78.43,78.43,0.0,Practical,Yes,No,Yes,No,Cloudy,10,930,990,57,9,0.0,6,78.43,79.41000000000001,88.46588235294118,88.46588235294118,79.86,After Lunch,1
2026-08-11,Tuesday,1,09.15 AM,10.15 AM,DS & ML Hands-on,"MLK, SP",3,MCA,A,Computer Lab,103,73,70.87,72.82,0.0,Practical,Yes,No,No,No,Sunny,10,555,615,58,9,1.0,1,72.82,72.82,72.82,72.82,79.85679372197309,Before Lunch,1
2026-08-11,Tuesday,1,09.15 AM,10.15 AM,DS & ML Hands-on,"MLK, SP",3,MCA,B,Computer Lab,102,70,68.63,69.61,0.0,Practical,Yes,No,No,No,Sunny,10,555,615,58,9,1.0,1,69.61,69.61,69.61,69.61,79.83668903803132,Before Lunch,1
2026-08-11,Tuesday,2,10.15 AM,11.15 AM,DS & ML Hands-on,"MLK, SP",3,MCA,A,Computer Lab,103,73,70.87,70.87,0.0,Practical,Yes,No,No,No,Sunny,10,615,675,58,9,1.0,2,70.87,72.17,72.3325,72.3325,79.81167410714285,Before Lunch,1
2026-08-11,Tuesday,2,10.15 AM,11.15 AM,DS & ML Hands-on,"MLK, SP",3,MCA,B,Computer Lab,102,70,68.63,68.63,0.0,Practical,Yes,No,No,No,Sunny,10,615,675,58,9,1.0,2,68.63,69.28333333333332,69.365,69.365,79.79175946547885,Before Lunch,1
2026-08-11,Tuesday,3,11.15 AM,12.15 PM,DS & ML Hands-on,"MLK, SP",3,MCA,A,Computer Lab,103,73,70.87,70.87,0.0,Practical,Yes,No,No,No,Sunny,10,675,735,58,9,1.0,3,70.87,71.52,72.03999999999999,72.03999999999999,79.76695555555555,Before Lunch,1
2026-08-11,Tuesday,3,11.15 AM,11.15 AM,DS & ML Hands-on,"MLK, SP",3,MCA,B,Computer Lab,102,70,68.63,68.63,0.0,Practical,Yes,No,No,No,Sunny,10,675,675,58,9,1.0,3,68.63,68.95666666666666,69.21799999999999,69.21799999999999,79.74722838137473,Before Lunch,1
2026-08-11,Tuesday,4,01.30 PM,02.30 PM,AWS Training,KN,3,MCA,A,Computer Lab,103,81,78.64,80.58,1.25,Practical,Yes,No,No,No,Sunny,10,810,870,58,9,1.0,4,80.58,80.58,88.67500000000001,88.67500000000001,79.72263274336282,After Lunch,1
2026-08-11,Tuesday,4,01.30 PM,02.30 PM,AWS Training,KN,3,MCA,B,Computer Lab,102,78,76.47,78.43,1.25,Practical,Yes,No,No,No,Sunny,10,810,870,58,9,1.0,4,78.43,78.43,87.90833333333335,87.90833333333335,79.72024282560706,After Lunch,1
2026-08-11,Tuesday,5,02.30 PM,03.30 PM,AWS Training,KN,3,MCA,A,Computer Lab,103,81,78.64,78.64,0.0,Practical,Yes,No,No,No,Sunny,10,870,930,58,9,1.0,5,78.64,79.93333333333334,88.14684210526316,88.14684210526316,79.71308370044052,After Lunch,1
2026-08-11,Tuesday,5,02.30 PM,03.30 PM,AWS Training,KN,3,MCA,B,Computer Lab,102,78,76.47,76.47,0.0,Practical,Yes,No,No,No,Sunny,10,870,930,58,9,1.0,5,76.47,77.77666666666667,87.30631578947369,87.30631578947369,79.71072527472526,After Lunch,1
2026-08-11,Tuesday,6,03.30 PM,04.30 PM,AWS Training,KN,3,MCA,A,Computer Lab,103,81,78.64,78.64,0.0,Practical,Yes,No,No,No,Sunny,10,930,990,58,9,1.0,6,78.64,79.28666666666668,87.67150000000001,87.67150000000001,79.70361842105262,After Lunch,1
2026-08-11,Tuesday,6,03.30 PM,04.30 PM,AWS Training,KN,3,MCA,B,Computer Lab,102,78,76.47,76.47,0.0,Practical,Yes,No,No,No,Sunny,10,930,990,58,9,1.0,6,76.47,77.12333333333333,86.7645,86.7645,79.70129102844639,After Lunch,1
2026-08-12,Wednesday,1,09.15 AM,10.15 AM,STQA Hands-on,"DPY, AAB",3,MCA,A,Computer Lab,103,64,62.14,,0.0,Practical,No,No,No,No,Rainy,11,555,615,59,9,2.0,1,,,,,79.69423580786027,Before Lunch,0
2026-08-12,Wednesday,1,09.15 AM,10.15 AM,STQA Hands-on,"DPY, AAB",3,MCA,B,Computer Lab,102,70,68.63,,0.0,Practical,No,No,No,No,Rainy,11,555,615,59,9,2.0,1,,,,,79.65599128540305,Before Lunch,0
2026-08-12,Wednesday,2,10.15 AM,11.15 AM,STQA Hands-on,"DPY, AAB",3,MCA,A,Computer Lab,103,64,62.14,62.14,0.0,Practical,No,No,No,No,Rainy,11,615,675,59,9,2.0,2,62.14,62.14,62.14,62.14,79.63202173913044,Before Lunch,0
2026-08-12,Wednesday,2,10.15 AM,11.15 AM,STQA Hands-on,"DPY, AAB",3,MCA,B,Computer Lab,102,70,68.63,68.63,0.0,Practical,No,No,No,No,Rainy,11,615,675,59,9,2.0,2,68.63,68.63,68.63,68.63,79.5940780911063,Before Lunch,0
2026-08-12,Wednesday,3,11.15 AM,12.15 PM,STQA Hands-on,"DPY, AAB",3,MCA,A,Computer Lab,103,64,62.14,62.14,0.0,Practical,No,No,No,No,Rainy,11,675,735,59,9,2.0,3,62.14,62.14,62.14,62.14,79.57034632034632,Before Lunch,0
2026-08-12,Wednesday,3,11.15 AM,12.15 PM,STQA Hands-on,"DPY, AAB",3,MCA,B,Computer Lab,102,70,68.63,68.63,0.0,Practical,No,No,No,No,Rainy,11,675,735,59,9,2.0,3,68.63,68.63,68.63,68.63,79.53269978401728,Before Lunch,0
2026-08-12,Wednesday,4,01.30 PM,02.30 PM,AWS Training,KN,3,MCA,A,Computer Lab,103,79,76.7,78.64,1.25,Practical,No,No,No,No,Rainy,10,810,870,59,9,2.0,4,78.64,78.64,87.24142857142857,87.24142857142857,79.5092025862069,After Lunch,0
2026-08-12,Wednesday,4,01.30 PM,02.30 PM,AWS Training,KN,3,MCA,B,Computer Lab,102,82,80.39,76.47,1.25,Practical,No,No,No,No,Rainy,10,810,870,59,9,2.0,4,76.47,76.47,86.27428571428571,86.27428571428571,79.50316129032258,After Lunch,0
2026-08-12,Wednesday,5,02.30 PM,03.30 PM,AWS Training,KN,3,MCA,A,Computer Lab,103,79,76.7,76.7,0.0,Practical,No,No,No,No,Rainy,10,870,930,59,9,2.0,5,76.7,77.99333333333334,86.76227272727273,86.76227272727273,79.5050643776824,After Lunch,0
2026-08-12,Wednesday,5,02.30 PM,03.30 PM,AWS Training,KN,3,MCA,B,Computer Lab,102,82,80.39,80.39,0.0,Practical,No,No,No,No,Rainy,10,870,930,59,9,2.0,5,80.39,77.77666666666666,86.00681818181819,86.00681818181819,79.49905781584582,After Lunch,0
2026-08-12,Wednesday,6,03.30 PM,04.30 PM,AWS Training,KN,3,MCA,A,Computer Lab,103,79,76.7,76.7,0.0,Practical,No,No,No,No,Rainy,10,930,990,59,9,2.0,6,76.7,77.34666666666668,86.32478260869566,86.32478260869566,79.50096153846154,After Lunch,0
2026-08-12,Wednesday,6,03.30 PM,04.30 PM,AWS Training,KN,3,MCA,B,Computer Lab,102,82,80.39,80.39,0.0,Practical,No,No,No,No,Rainy,10,930,990,59,9,2.0,6,80.39,79.08333333333333,85.76260869565218,85.76260869565218,79.4949893390192,After Lunch,0
2026-08-13,Thursday,1,09.15 AM,10.15 AM,STQA Hands-on,"DPY, AAB",3,MCA,A,Computer Lab,103,66,64.08,62.14,0.0,Practical,No,No,No,No,Cloudy,11,555,615,60,9,3.0,1,62.14,62.14,62.14,62.14,79.49689361702127,Before Lunch,0
2026-08-13,Thursday,1,09.15 AM,10.15 AM,STQA Hands-on,"DPY, AAB",3,MCA,B,Computer Lab,102,63,61.76,68.63,0.0,Practical,No,No,No,No,Cloudy,11,555,615,60,9,3.0,1,68.63,68.63,68.63,68.63,79.46416135881104,Before Lunch,0
2026-08-13,Thursday,2,10.15 AM,11.15 AM,STQA Hands-on,"DPY, AAB",3,MCA,A,Computer Lab,103,66,64.08,64.08,0.0,Practical,No,No,No,No,Cloudy,11,615,675,60,9,3.0,2,64.08,62.78666666666667,62.625,62.625,79.42665254237288,Before Lunch,0
2026-08-13,Thursday,2,10.15 AM,11.15 AM,STQA Hands-on,"DPY, AAB",3,MCA,B,Computer Lab,102,63,61.76,61.76,0.0,Practical,No,No,No,No,Cloudy,11,615,675,60,9,3.0,2,61.76,66.33999999999999,66.9125,66.9125,79.39420718816068,Before Lunch,0
2026-08-13,Thursday,3,11.15 AM,12.15 PM,STQA Hands-on,"DPY, AAB",3,MCA,A,Computer Lab,103,66,64.08,64.08,0.0,Practical,No,No,No,No,Cloudy,11,675,735,60,9,3.0,3,64.08,63.43333333333334,62.916,62.916,79.35700421940929,Before Lunch,0
2026-08-13,Thursday,3,11.15 AM,12.15 PM,STQA Hands-on,"DPY, AAB",3,MCA,B,Computer Lab,102,63,61.76,61.76,0.0,Practical,No,No,No,No,Cloudy,11,675,735,60,9,3.0,3,61.76,64.05,65.88199999999999,65.88199999999999,79.32484210526316,Before Lunch,0
2026-08-13,Thursday,4,01.30 PM,02.30 PM,AWS Training,KN,3,MCA,A,Computer Lab,103,78,75.73,76.7,1.25,Practical,No,No,No,No,Cloudy,10,810,870,60,9,3.0,4,76.7,76.7,85.92375,85.92375,79.28794117647058,After Lunch,0
2026-08-13,Thursday,4,01.30 PM,02.30 PM,AWS Training,KN,3,MCA,B,Computer Lab,102,75,73.53,80.39,1.25,Practical,No,No,No,No,Cloudy,10,810,870,60,9,3.0,4,80.39,80.39,85.53875,85.53875,79.2804821802935,After Lunch,0
2026-08-13,Thursday,5,02.30 PM,03.30 PM,AWS Training,KN,3,MCA,A,Computer Lab,103,78,75.73,75.73,0.0,Practical,No,No,No,No,Cloudy,10,870,930,60,9,3.0,5,75.73,76.37666666666668,85.516,85.516,79.26845188284518,After Lunch,0
2026-08-13,Thursday,5,02.30 PM,03.30 PM,AWS Training,KN,3,MCA,B,Computer Lab,102,75,73.53,73.53,0.0,Practical,No,No,No,No,Cloudy,10,870,930,60,9,3.0,5,73.53,78.10333333333334,85.0584,85.0584,79.26106471816284,After Lunch,0
2026-08-13,Thursday,6,03.30 PM,04.30 PM,AWS Training,KN,3,MCA,A,Computer Lab,103,78,75.73,75.73,0.0,Practical,No,No,No,No,Cloudy,10,930,990,60,9,3.0,6,75.73,76.05333333333334,85.13961538461538,85.13961538461538,79.249125,After Lunch,0
2026-08-13,Thursday,6,03.30 PM,04.30 PM,AWS Training,KN,3,MCA,B,Computer Lab,102,75,73.53,73.53,0.0,Practical,No,No,No,No,Cloudy,10,930,990,60,9,3.0,6,73.53,75.81666666666666,84.61500000000001,84.61500000000001,79.24180873180873,After Lunch,0
2026-08-14,Friday,1,01.30 PM,02.30 PM,AWS Training,KN,3,MCA,A,Computer Lab,103,73,70.87,75.73,0.0,Practical,No,No,Yes,No,Sunny,10,810,870,61,9,4.0,1,75.73,75.73,84.79111111111112,84.79111111111112,79.22995850622407,After Lunch,0
2026-08-14,Friday,1,01.30 PM,02.30 PM,AWS Training,KN,3,MCA,B,Computer Lab,102,70,68.63,73.53,0.0,Practical,No,No,Yes,No,Sunny,10,810,870,61,9,4.0,1,73.53,73.53,84.20444444444445,84.20444444444445,79.21265010351966,After Lunch,0
2026-08-14,Friday,2,02.30 PM,03.30 PM,AWS Training,KN,3,MCA,A,Computer Lab,103,73,70.87,70.87,0.0,Practical,No,No,Yes,No,Sunny,10,870,930,61,9,0.0,2,70.87,74.11,84.29392857142857,84.29392857142857,79.19078512396693,After Lunch,0
2026-08-14,Friday,2,02.30 PM,03.30 PM,AWS Training,KN,3,MCA,B,Computer Lab,102,70,68.63,68.63,0.0,Practical,No,No,Yes,No,Sunny,10,870,930,61,9,0.0,2,68.63,71.89666666666666,83.64821428571429,83.64821428571429,79.17362886597938,After Lunch,0
2026-08-14,Friday,3,03.30 PM,04.30 PM,AWS Training,KN,3,MCA,A,Computer Lab,103,73,70.87,70.87,0.0,Practical,No,No,Yes,No,Sunny,10,930,990,61,9,0.0,3,70.87,72.49000000000001,83.83103448275861,83.83103448275861,79.15193415637859,After Lunch,0
2026-08-14,Friday,3,03.30 PM,04.30 PM,AWS Training,KN,3,MCA,B,Computer Lab,102,70,68.63,68.63,0.0,Practical,No,No,Yes,No,Sunny,10,930,990,61,9,0.0,3,68.63,70.26333333333334,83.13034482758621,83.13034482758621,79.13492813141684,After Lunch,0
2026-08-17,Monday,1,01.30 PM,02.30 PM,AWS Training,KN,3,MCA,A,Computer Lab,103,62,60.19,70.87,0.0,Practical,No,No,Yes,No,Sunny,10,810,870,64,10,3.0,1,70.87,70.87,83.39900000000002,83.39900000000002,79.11340163934426,After Lunch,0
2026-08-17,Monday,1,01.30 PM,02.30 PM,AWS Training,KN,3,MCA,B,Computer Lab,102,59,57.84,68.63,0.0,Practical,No,No,Yes,No,Sunny,10,810,870,64,10,3.0,1,68.63,68.63,82.64699999999999,82.64699999999999,79.07470347648261,After Lunch,0
2026-08-17,Monday,2,02.30 PM,03.30 PM,AWS Training,KN,3,MCA,A,Computer Lab,103,62,60.19,60.19,0.0,Practical,No,No,Yes,No,Sunny,10,870,930,64,10,0.0,2,60.19,67.31,82.65032258064515,82.65032258064515,79.03136734693878,After Lunch,0
2026-08-17,Monday,2,02.30 PM,03.30 PM,AWS Training,KN,3,MCA,B,Computer Lab,102,59,57.84,57.84,0.0,Practical,No,No,Yes,No,Sunny,10,870,930,64,10,0.0,2,57.84,65.03333333333332,81.84677419354838,81.84677419354838,78.99299389002036,After Lunch,0
2026-08-17,Monday,3,03.30 PM,04.30 PM,AWS Training,KN,3,MCA,A,Computer Lab,103,62,60.19,60.19,0.0,Practical,No,No,Yes,No,Sunny,10,930,990,64,10,0.0,3,60.19,63.75,81.9484375,81.9484375,78.95,After Lunch,0
2026-08-17,Monday,3,03.30 PM,04.30 PM,AWS Training,KN,3,MCA,B,Computer Lab,102,59,57.84,57.84,0.0,Practical,No,No,Yes,No,Sunny,10,930,990,64,10,0.0,3,57.84,61.43666666666667,81.0965625,81.0965625,78.91194726166327,After Lunch,0
2026-08-18,Tuesday,1,01.30 PM,02.30 PM,AWS Training,KN,3,MCA,A,Computer Lab,103,68,66.02,60.19,0.0,Practical,No,No,No,No,Rainy,10,810,870,65,10,1.0,1,60.19,60.19,81.2890909090909,81.2890909090909,78.86929149797571,After Lunch,0
2026-08-18,Tuesday,1,01.30 PM,02.30 PM,AWS Training,KN,3,MCA,B,Computer Lab,102,64,62.75,57.84,0.0,Practical,No,No,No,No,Rainy,10,810,870,65,10,1.0,1,57.84,57.84,80.39181818181818,80.39181818181818,78.84333333333333,After Lunch,0
2026-08-18,Tuesday,2,02.30 PM,03.30 PM,AWS Training,KN,3,MCA,A,Computer Lab,103,68,66.02,66.02,0.0,Practical,No,No,No,No,Rainy,10,870,930,65,10,1.0,2,66.02,62.133333333333326,80.84,80.84,78.81088709677418,After Lunch,0
2026-08-18,Tuesday,2,02.30 PM,03.30 PM,AWS Training,KN,3,MCA,B,Computer Lab,102,64,62.75,62.75,0.0,Practical,No,No,No,No,Rainy,10,870,930,65,10,1.0,2,62.75,59.47666666666667,79.87294117647059,79.87294117647059,78.7851509054326,After Lunch,0
2026-08-18,Tuesday,3,03.30 PM,04.30 PM,AWS Training,KN,3,MCA,A,Computer Lab,103,68,66.02,66.02,0.0,Practical,No,No,No,No,Rainy,10,930,990,65,10,1.0,3,66.02,64.07666666666667,80.41657142857143,80.41657142857143,78.75295180722892,After Lunch,0
2026-08-18,Tuesday,3,03.30 PM,04.30 PM,AWS Training,KN,3,MCA,B,Computer Lab,102,64,62.75,62.75,0.0,Practical,No,No,No,No,Rainy,10,930,990,65,10,1.0,3,62.75,61.11333333333334,79.38371428571428,79.38371428571428,78.72743486973947,After Lunch,0
2026-08-19,Wednesday,1,01.30 PM,02.30 PM,AWS Training,KN,3,MCA,A,Computer Lab,103,71,68.93,66.02,0.0,Practical,No,No,No,No,Cloudy,10,810,870,66,10,2.0,1,66.02,66.02,80.01666666666667,80.01666666666667,78.69547999999999,After Lunch,0
2026-08-19,Wednesday,1,01.30 PM,02.30 PM,AWS Training,KN,3,MCA,B,Computer Lab,102,73,71.57,62.75,0.0,Practical,No,No,No,No,Cloudy,10,810,870,66,10,2.0,1,62.75,62.75,78.92166666666667,78.92166666666667,78.67598802395209,After Lunch,0
2026-08-19,Wednesday,2,02.30 PM,03.30 PM,AWS Training,KN,3,MCA,A,Computer Lab,103,71,68.93,68.93,0.0,Practical,No,No,No,No,Cloudy,10,870,930,66,10,2.0,2,68.93,66.99000000000001,79.71702702702703,79.71702702702703,78.6618326693227,After Lunch,0
2026-08-19,Wednesday,2,02.30 PM,03.30 PM,AWS Training,KN,3,MCA,B,Computer Lab,102,73,71.57,71.57,0.0,Practical,No,No,No,No,Cloudy,10,870,930,66,10,2.0,2,71.57,65.69,78.72297297297297,78.72297297297297,78.64248508946322,After Lunch,0
2026-08-19,Wednesday,3,03.30 PM,04.30 PM,AWS Training,KN,3,MCA,A,Computer Lab,103,71,68.93,68.93,0.0,Practical,No,No,No,No,Cloudy,10,930,990,66,10,2.0,3,68.93,67.96,79.43315789473684,79.43315789473684,78.62845238095238,After Lunch,0
2026-08-19,Wednesday,3,03.30 PM,04.30 PM,AWS Training,KN,3,MCA,B,Computer Lab,102,73,71.57,71.57,0.0,Practical,No,No,No,No,Cloudy,10,930,990,66,10,2.0,3,71.57,68.63,78.53473684210526,78.53473684210526,78.60924752475248,After Lunch,0
2026-08-20,Thursday,1,01.30 PM,02.30 PM,AWS Training,KN,3,MCA,A,Computer Lab,103,72,69.9,68.93,0.0,Practical,No,No,No,No,Sunny,10,810,870,67,10,3.0,1,68.93,68.93,79.16384615384615,79.16384615384615,78.59533596837944,After Lunch,0
2026-08-20,Thursday,1,01.30 PM,02.30 PM,AWS Training,KN,3,MCA,B,Computer Lab,102,71,69.61,71.57,0.0,Practical,No,No,No,No,Sunny,10,810,870,67,10,3.0,1,71.57,71.57,78.35615384615384,78.35615384615384,78.57818540433925,After Lunch,0
2026-08-20,Thursday,2,02.30 PM,03.30 PM,AWS Training,KN,3,MCA,A,Computer Lab,103,72,69.9,69.9,0.0,Practical,No,No,No,No,Sunny,10,870,930,67,10,3.0,2,69.9,69.25333333333334,78.93225,78.93225,78.56053149606299,After Lunch,0
2026-08-20,Thursday,2,02.30 PM,03.30 PM,AWS Training,KN,3,MCA,B,Computer Lab,102,71,69.61,69.61,0.0,Practical,No,No,No,No,Sunny,10,870,930,67,10,3.0,2,69.61,70.91666666666667,78.1375,78.1375,78.54351669941062,After Lunch,0
2026-08-20,Thursday,3,03.30 PM,04.30 PM,AWS Training,KN,3,MCA,A,Computer Lab,103,72,69.9,69.9,0.0,Practical,No,No,No,No,Sunny,10,930,990,67,10,3.0,3,69.9,69.57666666666667,78.7119512195122,78.7119512195122,78.52600000000001,After Lunch,0
2026-08-20,Thursday,3,03.30 PM,04.30 PM,AWS Training,KN,3,MCA,B,Computer Lab,102,71,69.61,69.61,0.0,Practical,No,No,No,No,Sunny,10,930,990,67,10,3.0,3,69.61,70.26333333333334,77.92951219512196,77.92951219512196,78.50911937377691,After Lunch,0
2026-08-21,Friday,1,01.30 PM,02.30 PM,AWS Training,KN,3,MCA,A,Computer Lab,103,69,66.99,69.9,0.0,Practical,No,No,No,No,Rainy,10,810,870,68,10,4.0,1,69.9,69.9,78.50214285714286,78.50214285714286,78.49173828125,After Lunch,0
2026-08-21,Friday,1,01.30 PM,02.30 PM,AWS Training,KN,3,MCA,B,Computer Lab,102,72,70.59,69.61,0.0,Practical,No,No,No,No,Rainy,10,810,870,68,10,4.0,1,69.61,69.61,77.73142857142858,77.73142857142858,78.46931773879143,After Lunch,0
2026-08-21,Friday,2,02.30 PM,03.30 PM,AWS Training,KN,3,MCA,A,Computer Lab,103,69,66.99,66.99,0.0,Practical,No,No,No,No,Rainy,10,870,930,68,10,4.0,2,66.99,68.92999999999999,78.23441860465117,78.23441860465117,78.45398832684825,After Lunch,0
2026-08-21,Friday,2,02.30 PM,03.30 PM,AWS Training,KN,3,MCA,B,Computer Lab,102,72,70.59,70.59,0.0,Practical,No,No,No,No,Rainy,10,870,930,68,10,4.0,2,70.59,69.93666666666667,77.5653488372093,77.5653488372093,78.4317281553398,After Lunch,0
2026-08-21,Friday,3,03.30 PM,04.30 PM,AWS Training,KN,3,MCA,A,Computer Lab,103,69,66.99,66.99,0.0,Practical,No,No,No,No,Rainy,10,930,990,68,10,4.0,3,66.99,67.96,77.97886363636364,77.97886363636364,78.41653100775194,After Lunch,0
2026-08-21,Friday,3,03.30 PM,04.30 PM,AWS Training,KN,3,MCA,B,Computer Lab,102,72,70.59,70.59,0.0,Practical,No,No,No,No,Rainy,10,930,990,68,10,4.0,3,70.59,70.26333333333334,77.40681818181818,77.40681818181818,78.39442940038684,After Lunch,0
